-- phpMyAdmin SQL Dump
-- version 4.0.6
-- http://www.phpmyadmin.net
--
-- Inang: localhost:3306
-- Waktu pembuatan: 22 Feb 2015 pada 06.14
-- Versi Server: 5.5.32
-- Versi PHP: 5.4.20

SET SQL_MODE = "NO_AUTO_VALUE_ON_ZERO";
SET time_zone = "+00:00";


/*!40101 SET @OLD_CHARACTER_SET_CLIENT=@@CHARACTER_SET_CLIENT */;
/*!40101 SET @OLD_CHARACTER_SET_RESULTS=@@CHARACTER_SET_RESULTS */;
/*!40101 SET @OLD_COLLATION_CONNECTION=@@COLLATION_CONNECTION */;
/*!40101 SET NAMES utf8 */;

--
-- Basis data: `db_ninatour`
--

-- --------------------------------------------------------

--
-- Struktur dari tabel `contact`
--

CREATE TABLE IF NOT EXISTS `contact` (
  `id` int(11) NOT NULL AUTO_INCREMENT,
  `alamat` text NOT NULL,
  `kota` varchar(20) NOT NULL,
  `no_hp` varchar(12) NOT NULL,
  `no_tlp` varchar(12) NOT NULL,
  `email` varchar(30) NOT NULL,
  `content` text NOT NULL,
  PRIMARY KEY (`id`)
) ENGINE=InnoDB  DEFAULT CHARSET=utf8 AUTO_INCREMENT=2 ;

--
-- Dumping data untuk tabel `contact`
--

INSERT INTO `contact` (`id`, `alamat`, `kota`, `no_hp`, `no_tlp`, `email`, `content`) VALUES
(1, '<p>Jalan Rimbo Kaluang</p>\r\n<p>No. 70 depan Gor Agus Salam</p>\r\n<p>Padang, Sumbar</p>', 'Padang', '085376543125', '--', 'ninatourtravel@yahoo.co.id', '<p>Perusahaan kami bergerak di bidang penyewaan jasa tour and travel. kami melayani untuk melakukan tour di wilayah Sumatera Barat.</p>');

-- --------------------------------------------------------

--
-- Struktur dari tabel `komentar`
--

CREATE TABLE IF NOT EXISTS `komentar` (
  `id_komentar` int(11) NOT NULL AUTO_INCREMENT,
  `nama` varchar(50) NOT NULL,
  `komentar` text NOT NULL,
  `waktu` datetime NOT NULL,
  PRIMARY KEY (`id_komentar`)
) ENGINE=InnoDB  DEFAULT CHARSET=utf8 AUTO_INCREMENT=8 ;

--
-- Dumping data untuk tabel `komentar`
--

INSERT INTO `komentar` (`id_komentar`, `nama`, `komentar`, `waktu`) VALUES
(1, 'Ismo Broto', 'bagus', '0000-00-00 00:00:00'),
(2, 'Ismo Broto', 'bagus', '0000-00-00 00:00:00'),
(3, 'Ismo Broto', 'bagus', '2014-03-25 01:26:00'),
(4, 'Handra', 'Saya suka webnya. mudah juga untuk dimengerti.. :)', '2014-04-28 01:43:00'),
(5, 'Ronald', 'Kereeeenn.. jadi pengen ane bro.. bagi ilmunya donk.. ', '2014-04-28 02:00:00'),
(6, 'Ismo Broto', 'Coba sekali lagi komen.. Biar reme..', '2014-04-28 02:42:37'),
(7, 'Hasbi', 'Semuanya saya suka.. gx ngebosenin.. jadi betah buka web ini lama-lama.. hehe', '2014-04-29 16:11:11');

-- --------------------------------------------------------

--
-- Struktur dari tabel `setup_about`
--

CREATE TABLE IF NOT EXISTS `setup_about` (
  `id_about` int(11) NOT NULL AUTO_INCREMENT,
  `kat_about` varchar(30) NOT NULL,
  `judul_about` varchar(50) NOT NULL,
  `konten_about` text NOT NULL,
  PRIMARY KEY (`id_about`)
) ENGINE=InnoDB  DEFAULT CHARSET=utf8 AUTO_INCREMENT=16 ;

--
-- Dumping data untuk tabel `setup_about`
--

INSERT INTO `setup_about` (`id_about`, `kat_about`, `judul_about`, `konten_about`) VALUES
(2, 'profil', 'Profil Nina', '<p>Sumatera Barat&nbsp;adalah salah satu provinsi di Indonesia yang terletak di pulau Sumatera dengan Padang sebagai ibu kotanya. Sesuai dengan namanya, wilayah provinsi ini menempati sepanjang pesisir barat Sumatera bagian tengah dan sejumlah pulau di lepas pantainya seperti Kepulauan Mentawai. Dari utara ke selatan, provinsi dengan wilayah seluas 42.297,30 km&sup2; ini berbatasan dengan empat provinsi, yakni Sumatera Utara, Riau, Jambi, dan Bengkulu.</p>\r\n<p>Sumatera Barat berpenduduk sebanyak 4.846.909 jiwa dengan mayoritas beretnis Minangkabau yang seluruhnya beragama Islam. Provinsi ini terdiri dari 12 kabupaten dan 7 kota dengan pembagian wilayah administratif sesudah kecamatan di seluruh kabupaten (kecuali kabupaten Kepulauan Mentawai) dinamakan sebagai nagari.</p>'),
(7, 'pembayaran', 'Cara Pembayaran', '<p>Caraa pembayaran ada 2 alternatif yang bisa dipilih. Pertama anda bisa melakukan pembayaran langsung ke kantor kami atau dengan cara kedua bisa melakukan transfer melalui nomor rekening kami yang tersedia. Dengan ketentuan sebagai berikut :</p>\r\n<ol>\r\n<li>Pembayaran Langsung\r\n<ul>\r\n<li>Pembayaran langung dikhususkan untuk pelanggan yang berada dekat dengan kantor kami.</li>\r\n<li>Pembayaran dilakukan 5 hari sebelum keberangkatan.</li>\r\n<li>Syarat pembayaran harus melampirkan Invoice dan Tiket yang telah di booking.</li>\r\n<li>Pembayaran akan dilayani di jam kerja.</li>\r\n</ul>\r\n</li>\r\n<li>Pembayaran via Transfer\r\n<ul>\r\n<li>Pembayaran ini dimaksudkan untuk pelanggan yang dari luar kota maunpun yang menginginkan proses praktis.</li>\r\n<li>Pembayaran selambat-lambatnya harus telah diterima oleh kami 5 hari sebelum hari keberangkatan tour.</li>\r\n<li>Transfer dapat dilakukan ke nomor rekening berikut :\r\n<ul>\r\n<li>BCA : 3120618040&nbsp;a/n Nini Gumaneri</li>\r\n<li>Mandiri : 1110005416478 a/n&nbsp;Nini Gumaneri</li>\r\n</ul>\r\n</li>\r\n</ul>\r\n</li>\r\n</ol>'),
(8, 'syarat', '', '<p>Syarat dan Ketentuan ini berguna untuk membantu anda dalam melakukan pembookingan sesuai dengan ketentuan-ketentuan yang telah kami buat. Sehingga anda nantinya tidak merasa rugi dan salah dalam memilih paket ataupun penginapan nantinya. Seilahkan cermati ketentuan-ketentuan yang telah dibuat dan lanjutkan dengan melakukan pembookingan.</p>'),
(12, 'reservasi', '', '<ol>\r\n<li>Sebelum melakukan pembookingan pastikan anda&nbsp;<a href="formRegistrasi.php">Login</a>&nbsp;terlebih dulu ke website ini.</li>\r\n<li>Jika belum memiliki akun, makan diperkenankan anda untuk malakukan&nbsp;<a href="formRegistrasi.php">Regirtrasi</a></li>\r\n<li>Setelah melakukan Login, lengkapi Profil anda jika memang Profil anda masih belum dilengkapi</li>\r\n<li>Seletah melengkapi Profil anda, lakukan pembookingan pada menu Booking.</li>\r\n<li>Lalu Pilih Paket sesuai dengan yang anda inginkan.</li>\r\n<li>Jika anda memilih untuk cara pembayaran secara Bayar diTempat, maka anda bisa langsung melakukan Cetak Tiket.</li>\r\n</ol>'),
(13, 'syarat', 'Ketentuan Kapasitas Hotel', '<p>Jumlah maksimal pengunjung per kamar:</p>\r\n<ul style="list-style-type: circle;">\r\n<li>Kelas Standar, mak. 2 orang</li>\r\n<li>Kelas Superior, mak. 2 orang</li>\r\n<li>Kelas Delux, mak. 2/4 orang*</li>\r\n<li>Kelas Suit Keluarga, mak. 4 orang</li>\r\n</ul>\r\n<p>*ketentuan dapat berubah sewaktu-waktu</p>'),
(14, 'syarat', 'Ketentuan Memilih Penginapan', '<p>Untuk pembookingan diharapkan diteliti sebelum benar-benar malakukan booking, artinya :</p>\r\n<ul style="list-style-type: circle;">\r\n<li>Sesuaikan tempat penginapan dengan tempat anda akan berwisata.</li>\r\n<li>Jika anda memilih paket wisata yang dengan jenis One-Way, makan pada form pilih penginapan silahkan pilih option "Tidak Menginap".</li>\r\n<li>Agar lebih tepat memilih penginapan, maka lihat dahulu dimana paket wisata tersebut dimana tempatnya berada.</li>\r\n</ul>'),
(15, 'syarat', 'Ketentuan Pembookingan', '<ul style="list-style-type: circle;">\r\n<li>Perubahan Peket dan Penginapan silahkan hubungi contact person kami yang ada pada website, dan hanya bisa dilakukan 5 hari sebelum hari keberangkatan tour. Kurang dari itu perubahan tidak bisa dilakukan.</li>\r\n<li>Pembatalan booking dapat dilakukan 7 hari sebelum tanggal keberangkatan tour yang telah di booking. Biaya yang telah ditranfer akan dikembalikan dengan potongan 10% dari total biaya dan harus melakukan konfirmasi terlebih dahulu melalui contact person kami.</li>\r\n<li>Untuk biaya penginapan yang masih belum terbilang pada saat melakukan pembookingan, akan kami konfirmasikan ke Akun anda 7 hari sebelum hari keberangkatan tour. Dan dapat melakukan cetak tiket setelah hari itu.</li>\r\n</ul>');

-- --------------------------------------------------------

--
-- Struktur dari tabel `setup_dasboard`
--

CREATE TABLE IF NOT EXISTS `setup_dasboard` (
  `id_dasboard` int(11) NOT NULL AUTO_INCREMENT,
  `nama` varchar(20) NOT NULL,
  `konten` text NOT NULL,
  `gambar` text NOT NULL,
  PRIMARY KEY (`id_dasboard`)
) ENGINE=InnoDB  DEFAULT CHARSET=utf8 AUTO_INCREMENT=11 ;

--
-- Dumping data untuk tabel `setup_dasboard`
--

INSERT INTO `setup_dasboard` (`id_dasboard`, `nama`, `konten`, `gambar`) VALUES
(9, 'Lubang Jepang', '<p>Lubang Jepang ini merupakan peninggalan bangunan berupa gua bawah tanah y ang digunakan bangsa Jepang untuk tempat pertahanan serdadu Jepang. Lubang Jepang ini didirikan pada masa Jepang di tahun 1 942-1 945. Pada saat Jepang menjajah bangsa Indonesia, pembangunan Lubang Jepang y ang dilakukan dengan cara Romusa atau kerja paksa.</p>\r\n<p>Lubang Jepang tersebut selain digunakan untuk pertahanan serdadu Jepang, disini juga digunakan untuk peny impanan senjata serta amunisiny a, bukan itu saja kegiatan seperti rapat para tentara Jepang dilakukan disini. Bangsa Jepang juga melakukan masak di Lubang Jepang ini. Disini juga digunakan bangsa Jepang untuk memenjarakan dan meny iksa tahanan perang.</p>\r\n<p>Lubang Jepang memliki luas sekitar 2 hektar didalamny a Anda akan dituntun dengan menuruni tangga yang telah dibangun. Lorong-lorong y ang ada didalamnya memberikan tempat-tempat sesuai dengan kebutuhan masing-masing. Lorong-lorong disetiap bangunan ini memang bercabang, dan masing-masing lorong digunakan untuk tempat y ang sesuai dengan kebutuhan pada masa itu. untuk menjaga keaslianny a, disetiap lorong dipasangi CCTV.</p>\r\n<p>Berwisata Ke Lubang Jepang memang memberikan pengalaman sejarah y ang amat bermanfaat untuk Anda dan buah hati, selain pelajaran sejarah y ang didapat Anda pun dapat menikmati pemandangan y ang indah disekitar objek wisata Lubang Jepang, nah tunggu apa lagi objek wisata Lubang Jepang sudah menunggu.</p>', 'lubang jepang1.jpg'),
(10, 'Lembah Harau', '<p>Lembah Harau ini terlatak dekat dengan kota Payahkumbuh, dan lembah ini diapit oleh duabukit cadas yang terjal dengan ketinggian lebih kurang 150 meter. Bentuk topografi dari Lembah Harau berbukit dan bergelombang, sangat meny enangkan saat berada di sekitaran Lembah Harau karena masih mempunyai udara yang bersih dan pengunjung dapat melihat keindahan alam.</p>\r\n<p>Sekitar Lembah Harau terdapat tebing granit yang terjal dan tingginya sekitar 80-300 meter. Beberapa keindahan alam y ang dapat anda nikmati saat berada di Lembah Harau antara lain jurang/celah alam, air terjun, tebing dan beberapa gua, selain itu terdapat juga cagar alam dan suaka margasatwa terdapat beberapa hewan lindung seperti Mony et Ekor Panjang, Siamang, Harimau Sumatera, Beruang, Tapir, Landak, Burung Kuau, dan yang lain.</p>\r\n<p>Pada lokasi wisata Lembah Harau terbagi menjadi dua lokasi yaitu Sarasah Bunta yang terdapat 5 air terjun beserta kolam penampung air terjun dan lokasi wisata yang lain yaitu Akar beray un yang terdapat kolam bagi anda yang mau berenang bersama keluarga, dan juga terdapat lokasi untuk tempat berkemah. Terdapat beberapa alasan yang menjadikan unik dan berbeda dengan lembah yang lain yaitu terdapat lembah echo yang jika kita berteriak maka akan menghasilkan gema yang sempurna. Pada lembah Echo tersebut terdapat satu tempat yang dijadikan acuan jika ada orang yang mau berteriak agar menghasilkan gema yang sempurna.</p>\r\n<p>Setelah berteriak maka akan akan disusul oleh gema sempurna sebany ak 7 kali. Konon kabarnya tempat yang dapat menghasilkan gema sempurna hanya ada satu di dunia yaitu Lembah Echo, dan juga Lembah Harau mempuny ai keindahan alam yang cetar membahana sehingga dijadikan sebagai rute baru dalam lomba sepeda Tour de Singkarak. Lembah Harau dapat anda masukkan dalam salah satu list objek wisata dalam agenda liburan anda.</p>', 'harau4.jpg');

-- --------------------------------------------------------

--
-- Struktur dari tabel `setup_slide`
--

CREATE TABLE IF NOT EXISTS `setup_slide` (
  `id_slide` int(11) NOT NULL AUTO_INCREMENT,
  `judul` varchar(50) NOT NULL,
  `konten` text NOT NULL,
  `gambar` text NOT NULL,
  PRIMARY KEY (`id_slide`)
) ENGINE=InnoDB  DEFAULT CHARSET=utf8 AUTO_INCREMENT=3 ;

--
-- Dumping data untuk tabel `setup_slide`
--

INSERT INTO `setup_slide` (`id_slide`, `judul`, `konten`, `gambar`) VALUES
(1, 'Promo Harau 2 hari bersama Pasanganmu..', '<p>Ajak pasanganmu untuk pergi berlibur, maka kami akan menawarkan paket menarik untuk anda. Dengan layanan yang ramah kami bawa anda berkeliling menikmati pemandangan Lembah Harau bersama pasangan anda. Jika anda berminat, silahkan booking secepatnya!! Karena Promo terbatas hingga 31 Mei 2014. Buruan pesan, jangan lupa pilih peketnya "Promo Harau 2 Day Couple". Cimiiu..</p>', 'harau4.jpg'),
(2, 'Liburan Semester bersama Keluarga..', '<p>Setelah sibuk disepanjang semester dengan aktifitas anda masing-masing. Mari ajak keluarga anda untuk berlibur. Kami menawarkan Paket Promo khusus untuk anda, maka pesan sekarang juga.. Lalu pilih paket "Promo 2 Day whit Family in Bukittinggi", jangan sampai kelewatan ya..</p>', 'janjang2.jpg');

-- --------------------------------------------------------

--
-- Struktur dari tabel `setup_sumbar`
--

CREATE TABLE IF NOT EXISTS `setup_sumbar` (
  `id_sumbar` int(11) NOT NULL AUTO_INCREMENT,
  `kat_sumbar` varchar(30) NOT NULL,
  `judul_sumbar` varchar(50) NOT NULL,
  `konten_sumbar` text NOT NULL,
  PRIMARY KEY (`id_sumbar`)
) ENGINE=InnoDB  DEFAULT CHARSET=utf8 AUTO_INCREMENT=22 ;

--
-- Dumping data untuk tabel `setup_sumbar`
--

INSERT INTO `setup_sumbar` (`id_sumbar`, `kat_sumbar`, `judul_sumbar`, `konten_sumbar`) VALUES
(5, 'profil', '', '<p style="text-align: justify;"><strong>Sumatera Barat</strong> adalah salah satu provinsi di Indonesia yang terletak di pulau Sumatera dengan Padang sebagai ibu kotanya. Sesuai dengan namanya, wilayah provinsi ini menempati sepanjang pesisir barat Sumatera bagian tengah dan sejumlah pulau di lepas pantainya seperti Kepulauan Mentawai. Dari utara ke selatan, provinsi dengan wilayah seluas 42.297,30 km&sup2; ini berbatasan dengan empat provinsi, yakni Sumatera Utara, Riau, Jambi, dan Bengkulu.</p>\r\n<p style="text-align: justify;">Sumatera Barat berpenduduk sebanyak 4.846.909 jiwa dengan mayoritas beretnis Minangkabau yang seluruhnya beragama Islam. Provinsi ini terdiri dari 12 kabupaten dan 7 kota dengan pembagian wilayah administratif sesudah kecamatan di seluruh kabupaten (kecuali kabupaten Kepulauan Mentawai) dinamakan sebagai nagari.</p>'),
(6, 'profil', 'Geografi Sumatra Barat', '<p style="text-align: justify;">Sumatera Barat terletak di pesisir barat bagian tengah pulau Sumatera yang terdiri dari dataran rendah di pantai barat dan dataran tinggi vulkanik yang dibentuk oleh Bukit Barisan. Provinsi ini memiliki daratan seluas 42.297,30 km&sup2; yang setara dengan 2,17% luas Indonesia. Dari luas tersebut, lebih dari 45,17% merupakan kawasan yang masih ditutupi hutan lindung. Garis pantai provinsi ini seluruhnya bersentuhan dengan Samudera Hindia sepanjang 2.420.357 km dengan luas perairan laut 186.580 km&sup2;.&nbsp;Kepulauan Mentawai yang terletak di Samudera Hindia termasuk dalam provinsi ini.</p>\r\n<p style="text-align: justify;">Seperti daerah lainnya di Indonesia, iklim Sumatera Barat secara umum bersifat tropis dengan suhu udara yang cukup tinggi, yaitu antara 22,6&deg;C sampai 31,5&deg;C. Provinsi ini juga dilalui oleh Garis khatulistiwa, tepatnya di Bonjol, Pasaman. Di provinsi ini berhulu sejumlah sungai besar yang bermuara ke pantai timur Sumatera seperti Batang Hari, Siak, Inderagiri (disebut sebagai Batang Kuantan di bagian hulunya), dan Kampar. Sementara sungai-sungai yang bermuara ke pesisir barat adalah Batang Anai, Batang Arau, dan Batang Tarusan.</p>\r\n<p style="text-align: justify;">Terdapat 29 gunung yang tersebar di 7 kabupaten dan kota di Sumatera Barat, dengan Gunung Kerinci di kabupaten Solok Selatan sebagai gunung tertinggi, yang mencapai ketinggian 3.085 m.</p>\r\n<p style="text-align: justify;">Selain Gunung Kerinci, Sumatera Barat juga memiliki gunung aktif lainnya, seperti Gunung Marapi, Gunung Tandikat, dan Gunung Talang. Selain gunung, Sumatera Barat juga memiliki banyak danau. Danau terluas adalah Singkarak di kabupaten Solok dan kabupaten Tanah Datar, disusul Maninjau di kabupaten Agam. Dengan luas mencapai 130,1 km&sup2;, Singkarak juga menjadi danau terluas kedua di Sumatera dan kesebelas di Indonesia. Danau lainnya terdapat di kabupaten Solok yaitu Danau Talang dan Danau Kembar (julukan dari Danau Diatas dan Danau Dibawah).</p>\r\n<p style="text-align: justify;">Sumatera Barat merupakan salah satu daerah rawan gempa di Indonesia. Hal ini disebabkan karena letaknya yang berada pada jalur patahan Semangko, tepat di antara pertemuan dua lempeng benua besar, yaitu Eurasia dan Indo-Australia.&nbsp;Oleh karenanya, wilayah ini sering mengalami gempa bumi. Gempa bumi besar yang terjadi akhir-akhir ini di Sumatera Barat di antaranya adalah Gempa bumi 30 September 2009 dan Gempa bumi Kepulauan Mentawai 2010.</p>'),
(7, 'sejarah', '', '<p style="text-align: justify;">Nama Provinsi Sumatera Barat bermula pada zaman Vereenigde Oostindische Compagnie (VOC), dimana sebutan wilayah untuk kawasan pesisir barat Sumatera adalah Hoofdcomptoir van Sumatras westkust. Kemudian dengan semakin menguatnya pengaruh politik dan ekonomi VOC, sampai abad ke 18 wilayah administratif ini telah mencangkup kawasan pantai barat Sumatera mulai dari Barus sampai Inderapura.</p>\r\n<p style="text-align: justify;">Seiring dengan kejatuhan Kerajaan Pagaruyung, dan keterlibatan Belanda dalam Perang Padri, pemerintah Hindia Belanda mulai menjadikan kawasan pedalaman Minangkabau sebagai bagian dari Pax Nederlandica, kawasan yang berada dalam pengawasan Belanda, dan wilayah Minangkabau ini dibagi atas Residentie Padangsche Benedenlanden dan Residentie Padangsche Bovenlanden.</p>\r\n<p style="text-align: justify;">Selanjutnya dalam perkembangan administrasi pemerintahan kolonial Hindia Belanda, daerah ini tergabung dalam Gouvernement Sumatra&rsquo;s Westkust, termasuk di dalamnya wilayah Residentie Bengkulu yang baru diserahkan Inggris kepada Belanda. Kemudian diperluas lagi dengan memasukkan Tapanuli dan Singkil. Namun pada tahun 1905, wilayah Tapanuli ditingkatkan statusnya menjadi Residentie Tapanuli, sedangkan wilayah Singkil diberikan kepada Residentie Atjeh. Kemudian pada tahun 1914, Gouvernement Sumatras Westkust, diturunkan statusnya menjadi Residentie Sumatras Westkust, dan menambahkan wilayah Kepulauan Mentawai di Samudera Hindia ke dalam Residentie Sumatras Westkust, serta pada tahun 1935 wilayah Kerinci juga digabungkan ke dalam Residentie Sumatras Westkust. Pasca pemecahan Gouvernement Sumatras Oostkust, wilayah Rokan Hulu dan Kuantan Singingi diberikan kepada Residentie Riouw, dan juga dibentuk Residentie Djambi pada periode yang hampir bersamaan.</p>\r\n<p style="text-align: justify;">Pada awal kemerdekaan Indonesia pada tahun 1945, wilayah Sumatera Barat tergabung dalam provinsi Sumatera yang berpusat di Bukittinggi. Empat tahun kemudian, Provinsi Sumatera dipecah menjadi tiga provinsi, yakni Sumatera Utara, Sumatera Tengah, dan Sumatera Selatan. Sumatera Barat beserta Riau dan Jambi merupakan bagian dari keresidenan di dalam Provinsi Sumatera Tengah. Pada masa PRRI, berdasarkan Undang-undang darurat nomor 19 tahun 1957, Provinsi Sumatera Tengah dipecah lagi menjadi tiga provinsi yakni Provinsi Sumatera Barat, Provinsi Riau, dan Provinsi Jambi. Wilayah Kerinci yang sebelumnya tergabung dalam Kabupaten Pesisir Selatan Kerinci, digabungkan ke dalam Provinsi Jambi sebagai kabupaten tersendiri. Begitu pula wilayah Kampar, Rokan Hulu, dan Kuantan Singingi ditetapkan masuk ke dalam wilayah Provinsi RiauPada masa pendudukan tentara Jepang, Residentie Sumatras Westkust berubah nama menjadi Sumatora Nishi Kaigan Shu. Atas dasar geostrategis militer, daerah Kampar dikeluarkan dari Sumatora Nishi Kaigan Shu dan dimasukkan ke dalam wilayah Rhio Shu.</p>\r\n<p style="text-align: justify;">Selanjutnya ibu kota provinsi Sumatera Barat yang baru ini masih tetap di Bukittinggi. Kemudian berdasarkan Surat Keputusan&nbsp;Gubernur Sumatera Barat No. 1/g/PD/1958, tanggal 29 Mei 1958 ibu kota provinsi dipindahkan ke Padang.</p>'),
(9, 'wisata', '', '<p style="text-align: justify;">Sumatera Barat merupakan salah satu tujuan utama pariwisata di Indonesia. Fasilitas wisatanya yang cukup baik, serta sering diadakannya berbagai festival dan even internasional, menjadi pendorong datangnya wisatawan ke provinsi ini.<span style="font-size: 9px;">&nbsp;</span>Beberapa kegiatan internasional yang diselenggarakan untuk menunjang pariwisata Sumatera Barat adalah lomba balap sepeda Tour de Singkarak, even paralayang Event Fly for Fun in Lake Maninjau, serta kejuaraan selancar Mentawai International Pro Surf Competition.</p>\r\n<p style="text-align: justify;">Sumatera Barat memiliki hampir semua jenis objek wisata alam seperti laut, pantai, danau, gunung, dan ngarai. Selain itu pariwisata Sumatera Barat juga banyak menjual budayanya yang khas, seperti Festival Tabuik, Festival Rendang, permainan kim, dan seni bertenun. Disamping wisata alam dan budaya, Sumatera Barat juga terkenal dengan wisata kulinernya.</p>\r\n<p style="text-align: justify;">Sumatera Barat memiliki akomodasi wisata, seperti hotel dan agen perjalanan yang cukup baik. Pada akhir tahun 2012, provinsi ini telah memiliki 221 hotel dengan jumlah kamar mencapai 5.835 unit.&nbsp;Namun hotel-hotel berbintang lima dan empat, hanya terdapat di Padang dan Bukittinggi.&nbsp;Sedangkan untuk agen perjalanan di bawah keanggotaan ASITA, Sumatera Barat sudah memiliki lebih dari 100 agen. Untuk melengkapi fasilitas penunjang pariwisata, pemerintah juga menyediakan kereta api wisata yang beroperasi pada waktu tertentu.</p>\r\n<p style="text-align: justify;">Untuk berbagai informasi serta literatur sejarah dan kebudayaan Minangkabau, wisatawan dapat memperolehnya di Pusat Dokumentasi dan Informasi Kebudayaan Minangkabau (PDIKM) yang terletak di Perkampungan Minangkabau, Padang Panjang. Di PDIKM terdapat berbagai dokumentasi berupa foto mikrograf, surat kabar, pakaian tradisional, kaset rekaman lagu daerah, dokumentasi surat-surat kepemerintahan, dan alur sejarah masyarakat Minangkabau sejak abad ke-18 hingga tahun 1980-an.</p>'),
(13, 'kuliner', '', '<p>Dalam dunia kuliner, Sumatera Barat terkenal dengan masakan Padang dan restoran Padang dengan citarasa yang pedas. Masakan Padang dapat ditemui hampir di seluruh penjuru Nusantara, bahkan sampai ke luar negeri.&nbsp;Beberapa contoh makanan dari Sumatera Barat yang cukup populer adalah Rendang, Sate Padang, Dendeng Balado, Itiak Lado Mudo, Soto Padang, dan Bubur Kampiun.</p>\r\n<p>Setiap kawasan di Sumatera Barat, memiliki makanan sebagai ciri khas daerah, yang biasa dijadikan sebagai buah tangan (oleh-oleh) misalnya: Padang terkenal dengan bengkuang, Padang Panjang terkenal dengan pergedel jaguang, Bukittinggi dengan karupuak sanjai, Payakumbuh dengan galamai. Selain itu Sumatera Barat juga memiliki ratusan resep, seperti kipang kacang, bareh randang, dakak-dakak, rakik maco, pinyaram, Karupuak Balado, dan termasuk juga menghasilkan Kopi Luwak.</p>'),
(15, 'budaya', 'Musik di Sumatera Barat', '<p style="text-align: justify;">Nuansa Minangkabau yang ada di dalam setiap musik Sumatera Barat yang dicampur dengan jenis musik apapun saat ini pasti akan terlihat dari setiap karya lagu yang beredar di masyarat. Hal ini karena musik Minang bisa diracik dengan aliran musik jenis apapun sehingga enak didengar dan bisa diterima oleh masyarakat. Unsur musik pemberi nuansa terdiri dari instrumen alat musik tradisional saluang, bansi, talempong, rabab, pupuik, serunai, dan gandang tabuik.</p>\r\n<p style="text-align: justify;">Ada pula saluang jo dendang, yakni penyampaian dendang (cerita berlagu) yang diiringi saluang yang dikenal juga dengan nama sijobang.</p>\r\n<p style="text-align: justify;">Musik Minangkabau berupa instrumentalia dan lagu-lagu dari daerah ini pada umumnya bersifat melankolis. Hal ini berkaitan erat dengan struktur masyarakatnya yang memiliki rasa persaudaraan, hubungan kekeluargaan dan kecintaan akan kampung halaman yang tinggi ditunjang dengan kebiasaan pergi merantau.</p>\r\n<p style="text-align: justify;">Industri musik di Sumatera Barat semakin berkembang dengan munculnya seniman-seniman Minang yang bisa membaurkan musik modern ke dalam musik tradisional Minangkabau. Perkembangan musik Minang modern di Sumatera Barat sudah dimulai sejak tahun 1950-an, ditandai dengan lahirnya Orkes Gumarang. Elly Kasim, Tiar Ramon, dan Nurseha adalah penyanyi Sumatera Barat yang terkenal di era 1970-an hingga saat ini. Saat ini para penyanyi, pencipta lagu, dan penata musik di Sumatera Barat, bernaung dibawah organisasi PAPPRI (Persatuan Artis Penyanyi Pencipta lagu Penata musik Rekaman Indonesia) dan PARMI (Persatuan Artis Minang Indonesia).</p>\r\n<p style="text-align: justify;">Perusahaan-perusahaan rekaman di Sumatera Barat yang turut mendukung industri musik Minang antara lain : Tanama Record, Planet Record, Pitunang Record, Sinar Padang Record, Caroline Record yang terletak di Padang dan Minang Record, Gita Virma Record yang terletak di Bukittinggi.</p>'),
(16, 'budaya', 'Tarian Tradisional', '<p style="text-align: justify;">Secara garis besar seni tari dari Sumatera Barat adalah dari adat budaya etnis Minangkabau dan etnis Mentawai. Kekhasan seni tari Minangkabau umumnya dipengaruhi oleh agama Islam, keunikan adat matrilineal dan kebiasan merantau masyarakatnya juga memberi pengaruh besar dalam jiwa sebuah tari tradisi yang bersifat klasik, di antaranya Tari Pasambahan, Tari Piring, Tari Payung, dan Tari Indang. Sementara itu terdapat pula suatu pertunjukan khas etnis Minangkabau lainnya berupa perpaduan unik antara seni bela diri yang disebut silek dengan tarian, nyanyian dan seni peran (acting) yang dikenal dengan nama Randai.</p>\r\n<p style="text-align: justify;">Sedangkan untuk tarian khas etnis Mentawai disebut Turuk Laggai. Tarian Turuk Langai ini umumnya bercerita tentang tingkah laku hewan, sehingga judulnya pun disesuaikan dengan nama-nama hewan tersebut, misalnya tari burung, tari monyet, tari ayam, tari ular dan sebagainya.</p>'),
(17, 'budaya', 'Rumah Adat', '<p style="text-align: justify;">Rumah adat Sumatera Barat khususnya dari etnis Minangkabau disebut Rumah Gadang. Rumah Gadang biasanya dibangun di atas sebidang tanah milik keluarga induk dalam suku/kaum tersebut secara turun temurun.[8] Tidak jauh dari komplek rumah gadang tersebut biasanya juga dibangun sebuah surau kaum yang berfungsi sebagai tempat ibadah dan tempat tinggal lelaki dewasa kaum tersebut namun belum menikah.</p>\r\n<p style="text-align: justify;">Rumah Gadang ini dibuat berbentuk empat persegi panjang dan dibagi atas dua bahagian muka dan belakang,umumnya berbahan kayu, dan sepintas kelihatan seperti berbentuk rumah panggung dengan atap yang khas, menonjol seperti tanduk kerbau, masyarakat setempat menyebutnya Gonjong dan dahulunya atap ini berbahan ijuk sebelum berganti dengan atap seng. Rumah Bagonjong[23] ini menurut masyarakat setempat diilhami dari tambo, yang mengisahkan kedatangan nenek moyang mereka dengan kapal dari laut. Ciri khas lain rumah adat ini adalah tidak memakai paku besi tapi menggunakan pasak dari kayu, namun cukup kuat sebagai pengikat.</p>\r\n<p style="text-align: justify;">Sementara etnis Mentawai juga memiliki rumah adat yang berbentuk rumah panggung besar dengan tinggi lantai dari tanah mencapai satu meter yang disebut dengan uma.[25] Uma ini dihuni oleh secara bersama oleh lima sampai sepuluh keluarga. Secara umum konstruksi uma ini dibangun tanpa menggunakan paku, tetapi dipasak dengan kayu serta sistem sambungan silang bertakik.</p>'),
(18, 'budaya', 'Senjata Tradisional', '<p style="text-align: justify;">Senjata tradisional Sumatera Barat adalah Keris dan Kurambiak atau Kerambit. Keris biasanya dipakai oleh kaum laki-laki dan diletakkan di sebelah depan, dan umumnya dipakai oleh para penghulu terutama dalam setiap acara resmi ada terutama dalam acara malewa gala atau pengukuhan gelar, selain itu juga biasa dipakai oleh para mempelai pria dalam acara majlis perkawinan yang masyarakat setempat menyebutnya baralek. Sedangkan kerambit merupakan senjata tajam kecil yang bentuknya melengkung seperti kuku harimau, karena memang terinspirasi dari kuku binatang buas tersebut. Senjata ini dipakai oleh para pendekar silat Minang dalam pertarungan jarak pendek, terutama yang menggunakan jurus silat harimau. Berbagai jenis senjata lainnya juga pernah digunakan seperti tombak, pedang panjang, panah, sumpit dan sebagainya.</p>'),
(19, 'budaya', 'Olahraga', '<p style="text-align: justify;">Provinsi Sumatera Barat memiliki beberapa even olahraga yang berskala lokal, nasional, maupun internasional, diantaranya adalah lomba pacu kuda. Perlombaan pacu kuda sudah menjadi tradisi dan budaya masyarakat Minangkabau. Rangkaian perlombaan pacu kuda biasanya diselenggarakan di beberapa kota di Sumatera Barat secara bergiliran.</p>\r\n<p style="text-align: justify;">Even internasional lainnya adalah Tour de Singkarak yang pada tahun 2013 telah memasuki tahun kelima. Kejuaraan ini secara resmi telah menjadi agenda perhelatan tahunan Union Cycliste Internationale (UCI). Beberapa kawasan wisata menjadi bagian dari jalur lintasan lomba termasuk Lembah Harau, Danau Maninjau, Kelok 44, Istana Basa Pagaruyung, dan Diatas-Dibawah. Di sisi lain, cabang olahraga perahu naga (dragon boat) juga rutin dilaksanakan di Sumatera Barat, seperti kejuaraan Perahu Naga Internasional di Padang yang mendatangkan peserta dari mancanegara, serta kejuaraan Dayung Tradisional di Pantai Carocok, Painan dan Dharmasraya.</p>\r\n<p style="text-align: justify;">&nbsp;</p>\r\n<p style="text-align: justify;"><em>Source : Wikipedia.com</em></p>'),
(20, 'wisata', 'Jam Gadang Di Bukittinggi', '<p style="text-align: justify;">Jam Gadang adalah nama untuk menara jam yang terletak di pusat kota Bukittinggi, Sumatera Barat, Indonesia. Menara jam ini memiliki jam dengan ukuran besar di empat sisinya sehingga dinamakan Jam Gadang, sebutan bahasa Minangkabau yang berarti "jam besar". Selain sebagai pusat penanda kota Bukittinggi, Jam Gadang juga telah dijadikan sebagai objek wisata dengan diperluasnya taman di sekitar menara jam ini. Taman tersebut menjadi ruang interaksi masyarakat baik di hari kerja maupun di hari libur. Acara-acara yang sifatnya umum biasanya diselenggarakan di sekitar taman dekat menara jam ini.</p>\r\n<h4 style="text-align: justify;">Sejarah</h4>\r\n<p style="text-align: justify;">Jam Gadang selesai dibangun pada tahun 1926 sebagai hadiah dari Ratu Belanda kepada Rook Maker, sekretaris atau controleur Fort de Kock (sekarang Kota Bukittinggi) pada masa pemerintahan Hindia-Belanda. Arsitektur menara jam ini dirancang oleh Yazid Rajo Mangkuto, sedangkan peletakan batu pertama dilakukan oleh putra pertama Rook Maker yang pada saat itu masih berusia 6 tahun. Pembangunan Jam Gadang menghabiskan biaya sekitar 3.000 Gulden, biaya yang tergolong fantastis untuk ukuran waktu itu. Sehingga sejak dibangun dan sejak diresmikannya, menara jam ini telah menjadi pusat perhatian setiap orang. Hal itu pula yang mengakibatkan Jam Gadang kemudian dijadikan sebagai penanda atau markah tanah dan juga titik nol Kota Bukittinggi.</p>\r\n<p style="text-align: justify;">Sejak didirikan, menara jam ini telah mengalami tiga kali perubahan pada bentuk atapnya. Awal didirikan pada masa pemerintahan Hindia-Belanda, atap pada Jam Gadang berbentuk bulat dengan patung ayam jantan menghadap ke arah timur di atasnya. Kemudian pada masa pendudukan Jepang diubah menjadi bentuk pagoda. Terakhir setelah Indonesia merdeka, atap pada Jam Gadang diubah menjadi bentuk gonjong atau atap pada rumah adat Minangkabau, Rumah Gadang.</p>\r\n<p style="text-align: justify;">Renovasi terakhir yang dilakukan pada Jam Gadang adalah pada tahun 2010 oleh Badan Pelestarian Pusaka Indonesia (BPPI) dengan dukungan pemerintah kota Bukittinggi dan Kedutaan Besar Belanda di Jakarta. Renovasi tersebut diresmikan tepat pada ulang tahun kota Bukittinggi yang ke-262 pada tanggal 22 Desember 2010.</p>'),
(21, 'wisata', 'Istano Basa (istana Pagaruyung) Di Batusangkar', '<p>Istano Basa yang lebih terkenal dengan nama Istana Pagaruyung, adalah sebuah istana yang terletak di kecamatan Tanjung Emas, kota Batusangkar, kabupaten Tanah Datar, Sumatera Barat. Istana ini merupakan obyek wisata budaya yang terkenal di Sumatera Barat.</p>\r\n<p>Istano Basa yang berdiri sekarang sebenarnya adalah replika dari yang asli. Istano Basa asli terletak di atas bukit Batu Patah dan terbakar habis pada sebuah kerusuhan berdarah pada tahun 1804.Istana tersebut kemudian didirikan kembali namun kembali terbakar tahun 1966.</p>\r\n<p>Proses pembangunan kembali Istano Basa dilakukan dengan peletakan tunggak tuo (tiang utama) pada 27 Desember 1976 oleh Gubernur Sumatera Barat waktu itu, Harun Zain. Bangunan baru ini tidak didirikan di tapak istana lama, tetapi di lokasi baru di sebelah selatannya. Pada akhir 1970-an, istana ini telah bisa dikunjungi oleh umum.</p>\r\n<p>Pada tanggal 27 Februari 2007, Istano Basa mengalami kebakaran hebat akibat petir yang menyambar di puncak istana[2]. Akibatnya, bangunan tiga tingkat ini hangus terbakar. Ikut terbakar juga sebagian dokumen, serta kain-kain hiasan. Diperkirakan hanya sekitar 15 persen barang-barang berharga yang selamat. Barang-barang yang lolos dari kebakaran tersebut sekarang disimpan di Balai Benda Purbakala Kabupaten Tanah Datar. Harta pusaka Kerajaan Pagaruyung sendiri disimpan di Istano Silinduang Bulan, 2 kilometer dari Istano Basa</p>');

-- --------------------------------------------------------

--
-- Struktur dari tabel `tbl_admin`
--

CREATE TABLE IF NOT EXISTS `tbl_admin` (
  `user_admin` varchar(20) NOT NULL,
  `pass_admin` varchar(20) NOT NULL,
  `level` varchar(20) NOT NULL,
  `aktif` varchar(20) NOT NULL DEFAULT 'Y',
  `nama` varchar(30) NOT NULL,
  PRIMARY KEY (`user_admin`)
) ENGINE=InnoDB DEFAULT CHARSET=utf8;

--
-- Dumping data untuk tabel `tbl_admin`
--

INSERT INTO `tbl_admin` (`user_admin`, `pass_admin`, `level`, `aktif`, `nama`) VALUES
('admin', 'admin', 'admin', 'N', 'Administrator'),
('coba', 'coba', 'operator', 'N', 'Coaba Namanya'),
('handra', '654321', 'admin', 'Y', 'Handra Pratama'),
('ismo', '123456', 'admin', 'Y', 'Ismo Lhavic'),
('operator', 'operator', 'operator', 'Y', 'Namanya Operator');

-- --------------------------------------------------------

--
-- Struktur dari tabel `tbl_bukti`
--

CREATE TABLE IF NOT EXISTS `tbl_bukti` (
  `id_bukti` int(11) NOT NULL AUTO_INCREMENT,
  `id_pesan` int(11) NOT NULL,
  `file` text NOT NULL,
  PRIMARY KEY (`id_bukti`)
) ENGINE=InnoDB  DEFAULT CHARSET=utf8 AUTO_INCREMENT=3 ;

--
-- Dumping data untuk tabel `tbl_bukti`
--

INSERT INTO `tbl_bukti` (`id_bukti`, `id_pesan`, `file`) VALUES
(1, 3, 'apple-8554-12847-4-zoom.jpg'),
(2, 4, 'apple-7049-12847-7-zoom.jpg');

-- --------------------------------------------------------

--
-- Struktur dari tabel `tbl_daerah`
--

CREATE TABLE IF NOT EXISTS `tbl_daerah` (
  `id_daerah` int(11) NOT NULL AUTO_INCREMENT,
  `kode` varchar(8) NOT NULL,
  `daerah` varchar(30) NOT NULL,
  PRIMARY KEY (`id_daerah`)
) ENGINE=InnoDB  DEFAULT CHARSET=utf8 AUTO_INCREMENT=7 ;

--
-- Dumping data untuk tabel `tbl_daerah`
--

INSERT INTO `tbl_daerah` (`id_daerah`, `kode`, `daerah`) VALUES
(1, 'BKT01', 'Bukittinggi'),
(3, 'PDG01', 'Padang'),
(4, 'PYK01', 'Payakumbuh'),
(5, 'BTS01', 'Batusangkar'),
(6, 'MTW01', 'Mentawai');

-- --------------------------------------------------------

--
-- Struktur dari tabel `tbl_hotel`
--

CREATE TABLE IF NOT EXISTS `tbl_hotel` (
  `id_hotel` int(11) NOT NULL AUTO_INCREMENT,
  `kd_daerah` varchar(6) NOT NULL,
  `hotel` varchar(100) NOT NULL,
  `bintang` tinyint(1) NOT NULL,
  `harga` int(11) NOT NULL,
  `ket_hotel` text NOT NULL,
  PRIMARY KEY (`id_hotel`)
) ENGINE=InnoDB  DEFAULT CHARSET=utf8 AUTO_INCREMENT=26 ;

--
-- Dumping data untuk tabel `tbl_hotel`
--

INSERT INTO `tbl_hotel` (`id_hotel`, `kd_daerah`, `hotel`, `bintang`, `harga`, `ket_hotel`) VALUES
(1, 'BKT01', 'Campago Resort Hotel (Superior Domestik) 1H', 3, 420000, '<p style="text-align: justify;">Dirancang untuk wisata plesir dan bisnis, Campago Resort Hotel terletak strategis di Bukittinggi; salah satu daerah lokal terkenal. Hotel ini tidak terlalu jauh dari pusat kota, hanya dari sini dan umumnya hanya membutuhkan waktu 90 menit untuk mencapai bandara. Dengan lokasinya yang strategis, hotel ini menawarkan akses mudah ke destinasi yang wajib dilihat di kota ini.</p>\r\n<p style="text-align: justify;">Fasilitas dan pelayanan yang ditawarkan Campago Resort Hotel menjaminkan penginapan menyenangkan bagi para tamu. Ketika menginap di properti yang luar biasa ini, para tamu dapat menikmati wi-fi di tempat-tempat umum, ruang merokok , concierge, layanan laundry, tur.</p>\r\n<p style="text-align: justify;">Campago Resort Hotel memiliki 22 kamar tidur yang semuanya dirancang dengan citarasa tinggi untuk menyediakan kenyamanan seperti televisi, meja tulis, internet (wireless), AC, kulkas. Hotel ini menyediakan sejumlah fasilitas rekreasi seperti kolam (anak), taman, lapangan tenis, klub anak. Fasilitas super dan lokasi yang cemerlang menjadikan Campago Resort Hotel tempat yang sempurna untuk menikmati penginapan Anda selama di Bukittinggi.</p>\r\n<h3>Kebijakan Hotel</h3>\r\n<ul>\r\n<li>Minimum umur tamu adalah: 1 tahun</li>\r\n<li>Tamu berumur diatas 7 tahun dianggap sebagai tamu dewasa</li>\r\n<li>Ekstra bed tergantung pada kamar yang Anda pilih, silahkan cek kebijakan setiap kamar untuk detil lebih lanjut</li>\r\n</ul>\r\n<table style="margin-left: auto; margin-right: auto;">\r\n<tbody>\r\n<tr>\r\n<td>Bayi dibawah 1 tahun</td>\r\n<td>Tidak diizinkan untuk menginap</td>\r\n</tr>\r\n<tr>\r\n<td>Bayi 1 tahun</td>\r\n<td>Menginap gratis dengan menggunakan tempat tidur yang tersedia. Catatan, biaya tambahan kemungkinan dikenakan jika Anda membutuhkan ranjang bayi</td>\r\n</tr>\r\n<tr>\r\n<td>Anak-anak 2-7 tahun</td>\r\n<td>Harus menggunakan ekstra bed</td>\r\n</tr>\r\n</tbody>\r\n</table>\r\n<h3>Fasilitas Hotel</h3>\r\n<table>\r\n<tbody>\r\n<tr>\r\n<td>Fasilitas</td>\r\n<td>coffee shop, concierge, fasilitas rapat,layanan kamar, layanan kamar 24 jam, layanan laundry, restoran, ruang keluarga, ruang merokok, wi-fi di tempat-tempat umum, Wi-Fi gratis di semua kamar</td>\r\n</tr>\r\n<tr>\r\n<td>Olahraga dan Rekreasi</td>\r\n<td>klub anak, kolam (anak), lapangan tenis, taman</td>\r\n</tr>\r\n<tr>\r\n<td>Internet dalam Kamar</td>\r\n<td>Akses WiFi gratis</td>\r\n</tr>\r\n<tr>\r\n<td>Parkir</td>\r\n<td>tempat parkir mobil</td>\r\n</tr>\r\n</tbody>\r\n</table>'),
(2, 'BKT01', 'Campago Resort Hotel (Superior) 1H', 3, 460000, '<p style="text-align: justify;">Dirancang untuk wisata plesir dan bisnis, Campago Resort Hotel terletak strategis di Bukittinggi; salah satu daerah lokal terkenal. Hotel ini tidak terlalu jauh dari pusat kota, hanya dari sini dan umumnya hanya membutuhkan waktu 90 menit untuk mencapai bandara. Dengan lokasinya yang strategis, hotel ini menawarkan akses mudah ke destinasi yang wajib dilihat di kota ini.</p>\r\n<p style="text-align: justify;">Fasilitas dan pelayanan yang ditawarkan Campago Resort Hotel menjaminkan penginapan menyenangkan bagi para tamu. Ketika menginap di properti yang luar biasa ini, para tamu dapat menikmati wi-fi di tempat-tempat umum, ruang merokok , concierge, layanan laundry, tur.</p>\r\n<p style="text-align: justify;">Campago Resort Hotel memiliki 22 kamar tidur yang semuanya dirancang dengan citarasa tinggi untuk menyediakan kenyamanan seperti televisi, meja tulis, internet (wireless), AC, kulkas. Hotel ini menyediakan sejumlah fasilitas rekreasi seperti kolam (anak), taman, lapangan tenis, klub anak. Fasilitas super dan lokasi yang cemerlang menjadikan Campago Resort Hotel tempat yang sempurna untuk menikmati penginapan Anda selama di Bukittinggi.</p>\r\n<h3>Kebijakan Hotel</h3>\r\n<ul>\r\n<li>Minimum umur tamu adalah: 1 tahun</li>\r\n<li>Tamu berumur diatas 7 tahun dianggap sebagai tamu dewasa</li>\r\n<li>Ekstra bed tergantung pada kamar yang Anda pilih, silahkan cek kebijakan setiap kamar untuk detil lebih lanjut</li>\r\n</ul>\r\n<table style="margin-left: auto; margin-right: auto;">\r\n<tbody>\r\n<tr>\r\n<td>Bayi dibawah 1 tahun</td>\r\n<td>Tidak diizinkan untuk menginap</td>\r\n</tr>\r\n<tr>\r\n<td>Bayi 1 tahun</td>\r\n<td>Menginap gratis dengan menggunakan tempat tidur yang tersedia. Catatan, biaya tambahan kemungkinan dikenakan jika Anda membutuhkan ranjang bayi</td>\r\n</tr>\r\n<tr>\r\n<td>Anak-anak 2-7 tahun</td>\r\n<td>Harus menggunakan ekstra bed</td>\r\n</tr>\r\n</tbody>\r\n</table>\r\n<h3>Fasilitas Hotel</h3>\r\n<table>\r\n<tbody>\r\n<tr>\r\n<td>Fasilitas</td>\r\n<td>coffee shop, concierge, fasilitas rapat,layanan kamar, layanan kamar 24 jam, layanan laundry, restoran, ruang keluarga, ruang merokok, wi-fi di tempat-tempat umum, Wi-Fi gratis di semua kamar</td>\r\n</tr>\r\n<tr>\r\n<td>Olahraga dan Rekreasi</td>\r\n<td>klub anak, kolam (anak), lapangan tenis, taman</td>\r\n</tr>\r\n<tr>\r\n<td>Internet dalam Kamar</td>\r\n<td>Akses WiFi gratis</td>\r\n</tr>\r\n<tr>\r\n<td>Parkir</td>\r\n<td>tempat parkir mobil</td>\r\n</tr>\r\n</tbody>\r\n</table>'),
(3, 'BKT01', 'Campago Resort Hotel (Suite Keluarga Domestik) 1H', 3, 895000, '<p style="text-align: justify;">Dirancang untuk wisata plesir dan bisnis, Campago Resort Hotel terletak strategis di Bukittinggi; salah satu daerah lokal terkenal. Hotel ini tidak terlalu jauh dari pusat kota, hanya dari sini dan umumnya hanya membutuhkan waktu 90 menit untuk mencapai bandara. Dengan lokasinya yang strategis, hotel ini menawarkan akses mudah ke destinasi yang wajib dilihat di kota ini.</p>\r\n<p style="text-align: justify;">Fasilitas dan pelayanan yang ditawarkan Campago Resort Hotel menjaminkan penginapan menyenangkan bagi para tamu. Ketika menginap di properti yang luar biasa ini, para tamu dapat menikmati wi-fi di tempat-tempat umum, ruang merokok , concierge, layanan laundry, tur.</p>\r\n<p style="text-align: justify;">Campago Resort Hotel memiliki 22 kamar tidur yang semuanya dirancang dengan citarasa tinggi untuk menyediakan kenyamanan seperti televisi, meja tulis, internet (wireless), AC, kulkas. Hotel ini menyediakan sejumlah fasilitas rekreasi seperti kolam (anak), taman, lapangan tenis, klub anak. Fasilitas super dan lokasi yang cemerlang menjadikan Campago Resort Hotel tempat yang sempurna untuk menikmati penginapan Anda selama di Bukittinggi.</p>\r\n<h3>Kebijakan Hotel</h3>\r\n<ul>\r\n<li>Minimum umur tamu adalah: 1 tahun</li>\r\n<li>Tamu berumur diatas 7 tahun dianggap sebagai tamu dewasa</li>\r\n<li>Ekstra bed tergantung pada kamar yang Anda pilih, silahkan cek kebijakan setiap kamar untuk detil lebih lanjut</li>\r\n</ul>\r\n<table style="margin-left: auto; margin-right: auto;">\r\n<tbody>\r\n<tr>\r\n<td>Bayi dibawah 1 tahun</td>\r\n<td>Tidak diizinkan untuk menginap</td>\r\n</tr>\r\n<tr>\r\n<td>Bayi 1 tahun</td>\r\n<td>Menginap gratis dengan menggunakan tempat tidur yang tersedia. Catatan, biaya tambahan kemungkinan dikenakan jika Anda membutuhkan ranjang bayi</td>\r\n</tr>\r\n<tr>\r\n<td>Anak-anak 2-7 tahun</td>\r\n<td>Harus menggunakan ekstra bed</td>\r\n</tr>\r\n</tbody>\r\n</table>\r\n<h3>Fasilitas Hotel</h3>\r\n<table>\r\n<tbody>\r\n<tr>\r\n<td>Fasilitas</td>\r\n<td>coffee shop, concierge, fasilitas rapat,layanan kamar, layanan kamar 24 jam, layanan laundry, restoran, ruang keluarga, ruang merokok, wi-fi di tempat-tempat umum, Wi-Fi gratis di semua kamar</td>\r\n</tr>\r\n<tr>\r\n<td>Olahraga dan Rekreasi</td>\r\n<td>klub anak, kolam (anak), lapangan tenis, taman</td>\r\n</tr>\r\n<tr>\r\n<td>Internet dalam Kamar</td>\r\n<td>Akses WiFi gratis</td>\r\n</tr>\r\n<tr>\r\n<td>Parkir</td>\r\n<td>tempat parkir mobil</td>\r\n</tr>\r\n</tbody>\r\n</table>'),
(4, 'BKT01', 'Campago Resort Hotel (Suite Keluarga) 1H', 3, 975000, '<p style="text-align: justify;">Dirancang untuk wisata plesir dan bisnis, Campago Resort Hotel terletak strategis di Bukittinggi; salah satu daerah lokal terkenal. Hotel ini tidak terlalu jauh dari pusat kota, hanya dari sini dan umumnya hanya membutuhkan waktu 90 menit untuk mencapai bandara. Dengan lokasinya yang strategis, hotel ini menawarkan akses mudah ke destinasi yang wajib dilihat di kota ini.</p>\r\n<p style="text-align: justify;">Fasilitas dan pelayanan yang ditawarkan Campago Resort Hotel menjaminkan penginapan menyenangkan bagi para tamu. Ketika menginap di properti yang luar biasa ini, para tamu dapat menikmati wi-fi di tempat-tempat umum, ruang merokok , concierge, layanan laundry, tur.</p>\r\n<p style="text-align: justify;">Campago Resort Hotel memiliki 22 kamar tidur yang semuanya dirancang dengan citarasa tinggi untuk menyediakan kenyamanan seperti televisi, meja tulis, internet (wireless), AC, kulkas. Hotel ini menyediakan sejumlah fasilitas rekreasi seperti kolam (anak), taman, lapangan tenis, klub anak. Fasilitas super dan lokasi yang cemerlang menjadikan Campago Resort Hotel tempat yang sempurna untuk menikmati penginapan Anda selama di Bukittinggi.</p>\r\n<h3>Kebijakan Hotel</h3>\r\n<ul>\r\n<li>Minimum umur tamu adalah: 1 tahun</li>\r\n<li>Tamu berumur diatas 7 tahun dianggap sebagai tamu dewasa</li>\r\n<li>Ekstra bed tergantung pada kamar yang Anda pilih, silahkan cek kebijakan setiap kamar untuk detil lebih lanjut</li>\r\n</ul>\r\n<table style="margin-left: auto; margin-right: auto;">\r\n<tbody>\r\n<tr>\r\n<td>Bayi dibawah 1 tahun</td>\r\n<td>Tidak diizinkan untuk menginap</td>\r\n</tr>\r\n<tr>\r\n<td>Bayi 1 tahun</td>\r\n<td>Menginap gratis dengan menggunakan tempat tidur yang tersedia. Catatan, biaya tambahan kemungkinan dikenakan jika Anda membutuhkan ranjang bayi</td>\r\n</tr>\r\n<tr>\r\n<td>Anak-anak 2-7 tahun</td>\r\n<td>Harus menggunakan ekstra bed</td>\r\n</tr>\r\n</tbody>\r\n</table>\r\n<h3>Fasilitas Hotel</h3>\r\n<table>\r\n<tbody>\r\n<tr>\r\n<td>Fasilitas</td>\r\n<td>coffee shop, concierge, fasilitas rapat,layanan kamar, layanan kamar 24 jam, layanan laundry, restoran, ruang keluarga, ruang merokok, wi-fi di tempat-tempat umum, Wi-Fi gratis di semua kamar</td>\r\n</tr>\r\n<tr>\r\n<td>Olahraga dan Rekreasi</td>\r\n<td>klub anak, kolam (anak), lapangan tenis, taman</td>\r\n</tr>\r\n<tr>\r\n<td>Internet dalam Kamar</td>\r\n<td>Akses WiFi gratis</td>\r\n</tr>\r\n<tr>\r\n<td>Parkir</td>\r\n<td>tempat parkir mobil</td>\r\n</tr>\r\n</tbody>\r\n</table>'),
(5, 'BKT01', 'Hotel Benteng (Superior) 1H', 1, 290000, '<p style="text-align: justify;">Jika apa yang Anda cari adalah hotel yang terletak strategis di Bukittinggi, carilah Hotel Benteng. Hanya 30. Km dari sini, hotel bintang 1 ini dapat secara mudah diakses dari bandara. Dengan lokasinya yang strategis, hotel ini menawarkan akses mudah ke destinasi yang wajib dilihat di kota ini.</p>\r\n<p style="text-align: justify;">Hotel Benteng juga menawari banyak fasilitas untuk memperkaya penginapan Anda di Bukittinggi. Ketika menginap di properti yang luar biasa ini, para tamu dapat menikmati tur, wi-fi di tempat-tempat umum, layanan antar jemput, kotak penyimpanan aman, transfer bandara/hotel.</p>\r\n<p style="text-align: justify;">Para tamu dapat memilih dari 37 kamar yang semuanya dilengkapi dengan atmosfir damai dan harmonis. Lagipula, beberapa persembahan rekreasi dari hotel ini akan menjamin Anda jauh dari kebosanan selama penginapan Anda. Apapun rencana kunjungan Anda, Hotel Benteng adalah pilihan bagus untuk penginapan di Bukittinggi.</p>\r\n<h3>Kebijakan Hotel</h3>\r\n<ul>\r\n<li>Tamu berumur diatas 10 tahun dianggap sebagai tamu dewasa.</li>\r\n<li>Ekstra bed tergantung pada kamar yang Anda pilih, silahkan cek kebijakan setiap kamar untuk detil lebih lanjut.</li>\r\n</ul>\r\n<table style="margin-left: auto; margin-right: auto;">\r\n<tbody>\r\n<tr>\r\n<td>Bayi 0-1 tahun</td>\r\n<td>Menginap gratis dengan menggunakan tempat tidur yang tersedia. Catatan, biaya tambahan kemungkinan dikenakan jika Anda membutuhkan ranjang bayi</td>\r\n</tr>\r\n<tr>\r\n<td>Anak-anak 2-10 tahun</td>\r\n<td>Harus menggunakan ekstra bed</td>\r\n</tr>\r\n</tbody>\r\n</table>\r\n<h3>Fasilitas Hotel</h3>\r\n<table>\r\n<tbody>\r\n<tr>\r\n<td>Fasilitas</td>\r\n<td>bar, fasilitas rapat, kotak penyimpanan aman, layanan antar jemput, layanan kamar, layanan kamar 24 jam, layanan laundry, restoran, sewa sepeda, transfer bandara/hotel, wi-fi di tempat-tempat umum, Wi-Fi gratis di semua kamar</td>\r\n</tr>\r\n<tr>\r\n<td>Internet dalam Kamar</td>\r\n<td>Akses WiFi gratis</td>\r\n</tr>\r\n<tr>\r\n<td>Parkir</td>\r\n<td>tempat parkir mobil</td>\r\n</tr>\r\n</tbody>\r\n</table>'),
(6, 'BKT01', 'Hotel Mitra Arena (Standar) 1H', 1, 185000, '<p style="text-align: justify;">Ketika mengunjungi Bukittinggi, Anda akan merasa berada di rumah di Hotel Mitra Arena, dimana menawarkan akomodasi yang berkualitas dengan layanan luar biasa. Dari sini, para tamu dapat menikmati akses mudah ke semua hal yang dapat ditemukan di sebuah kota yang hidup. Dengan lokasinya yang strategis, hotel ini menawarkan akses mudah ke destinasi yang wajib dilihat di kota ini.</p>\r\n<p style="text-align: justify;">Di Hotel Mitra Arena, setiap usaha dilakukan untuk membuat tamu merasa nyaman. Dan untuk hal ini, hotel menyediakan yang terbaik untuk pelayanan dan perlengkapannya. Hotel ini menawarkan sejumlah fasilitas di tempat untuk memuaskan segala jenis tamu.</p>\r\n<p style="text-align: justify;">Sebagai tambahan, semua kamar tamu memiliki sejumlah kenyamanan seperti AC, kulkas, shower, televisi, ruangan bebas rokok untuk menyenangi semakin banyak tamu. Baik Anda adalah orang yang senang fitness atau hanya ingin bersantai setelah beraktivitas sepanjang hari, Anda akan dihibur dengan fasilitas rekreasi kelas atas seperti taman. Ketika Anda mencari penginapan yang nyaman di Bukittinggi, jadikanlah Hotel Mitra Arena rumah Anda ketika Anda berlibur.</p>\r\n<h3>Kebijakan Hotel</h3>\r\n<ul>\r\n<li>Tamu berumur diatas 12 tahun dianggap sebagai tamu dewasa.</li>\r\n<li>Ekstra bed tergantung pada kamar yang Anda pilih, silahkan cek kebijakan setiap kamar untuk detil lebih lanjut.</li>\r\n</ul>\r\n<table style="margin-left: auto; margin-right: auto;">\r\n<tbody>\r\n<tr>\r\n<td>Bayi 0-2 tahun</td>\r\n<td>Menginap gratis dengan menggunakan tempat tidur yang tersedia. Catatan, biaya tambahan kemungkinan dikenakan jika Anda membutuhkan ranjang bayi</td>\r\n</tr>\r\n<tr>\r\n<td>Anak-anak 3-12 tahun</td>\r\n<td>Menginap gratis jika menggunakan ranjang yang tersedia.</td>\r\n</tr>\r\n</tbody>\r\n</table>\r\n<h3>Fasilitas Hotel</h3>\r\n<table>\r\n<tbody>\r\n<tr>\r\n<td>Fasilitas</td>\r\n<td>restoran, ruang merokok</td>\r\n</tr>\r\n<tr>\r\n<td>Olahraga dan Rekreasi</td>\r\n<td>taman</td>\r\n</tr>\r\n<tr>\r\n<td>Parkir</td>\r\n<td>tempat parkir mobil</td>\r\n</tr>\r\n</tbody>\r\n</table>'),
(7, 'BKT01', 'Hotel Mitra Arena (Superior) 1H', 1, 230000, '<p style="text-align: justify;">Ketika mengunjungi Bukittinggi, Anda akan merasa berada di rumah di Hotel Mitra Arena, dimana menawarkan akomodasi yang berkualitas dengan layanan luar biasa. Dari sini, para tamu dapat menikmati akses mudah ke semua hal yang dapat ditemukan di sebuah kota yang hidup. Dengan lokasinya yang strategis, hotel ini menawarkan akses mudah ke destinasi yang wajib dilihat di kota ini.</p>\r\n<p style="text-align: justify;">Di Hotel Mitra Arena, setiap usaha dilakukan untuk membuat tamu merasa nyaman. Dan untuk hal ini, hotel menyediakan yang terbaik untuk pelayanan dan perlengkapannya. Hotel ini menawarkan sejumlah fasilitas di tempat untuk memuaskan segala jenis tamu.</p>\r\n<p style="text-align: justify;">Sebagai tambahan, semua kamar tamu memiliki sejumlah kenyamanan seperti AC, kulkas, shower, televisi, ruangan bebas rokok untuk menyenangi semakin banyak tamu. Baik Anda adalah orang yang senang fitness atau hanya ingin bersantai setelah beraktivitas sepanjang hari, Anda akan dihibur dengan fasilitas rekreasi kelas atas seperti taman. Ketika Anda mencari penginapan yang nyaman di Bukittinggi, jadikanlah Hotel Mitra Arena rumah Anda ketika Anda berlibur.</p>\r\n<h3>Kebijakan Hotel</h3>\r\n<ul>\r\n<li>Tamu berumur diatas 12 tahun dianggap sebagai tamu dewasa.</li>\r\n<li>Ekstra bed tergantung pada kamar yang Anda pilih, silahkan cek kebijakan setiap kamar untuk detil lebih lanjut.</li>\r\n</ul>\r\n<table style="margin-left: auto; margin-right: auto;">\r\n<tbody>\r\n<tr>\r\n<td>Bayi 0-2 tahun</td>\r\n<td>Menginap gratis dengan menggunakan tempat tidur yang tersedia. Catatan, biaya tambahan kemungkinan dikenakan jika Anda membutuhkan ranjang bayi</td>\r\n</tr>\r\n<tr>\r\n<td>Anak-anak 3-12 tahun</td>\r\n<td>Menginap gratis jika menggunakan ranjang yang tersedia.</td>\r\n</tr>\r\n</tbody>\r\n</table>\r\n<h3>Fasilitas Hotel</h3>\r\n<table>\r\n<tbody>\r\n<tr>\r\n<td>Fasilitas</td>\r\n<td>restoran, ruang merokok</td>\r\n</tr>\r\n<tr>\r\n<td>Olahraga dan Rekreasi</td>\r\n<td>taman</td>\r\n</tr>\r\n<tr>\r\n<td>Parkir</td>\r\n<td>tempat parkir mobil</td>\r\n</tr>\r\n</tbody>\r\n</table>'),
(8, 'BKT01', 'Royal Denai View Hotel (Superior) 1H', 2, 365000, '<p style="text-align: justify;">Menawarkan akomodasi berkualitas di kebudayaan, berbelanja, melihat-lihat distrik Bukittinggi, Royal Denai View Hotel adalah pilihan populer bagi para wisatawan plesir dan bisnis. Dari sini, para tamu dapat menikmati akses mudah ke semua hal yang dapat ditemukan di sebuah kota yang hidup. Dengan lokasinya yang strategis, hotel ini menawarkan akses mudah ke destinasi yang wajib dilihat di kota ini.</p>\r\n<p style="text-align: justify;">Dengan menawarkan pelayanan superior dan sejumlah fasilitas kepada para tamu hotel, Royal Denai View Hotel berkomitmen untuk menjaga kenyamanan penginapan Anda semaksimal mungkin. Kotak penyimpanan aman, tempat parkir mobil, wi-fi di tempat-tempat umum, layanan laundry, pusat bisnis hanyalah beberapa fasilitas yang membedakan Royal Denai View Hotel dari hotel-hotel lain di kota ini.</p>\r\n<p style="text-align: justify;">Suasana Royal Denai View Hotel tercerminkan dari setiap kamar tamu. televisi, mini bar, televisi LCD/layar plasma, AC, ruangan bebas rokok hanyalah beberapa fasilitas yang dapat Anda gunakan. Sepanjang hari Anda dapat menikmati atmosfir santai dari taman. Nikmati pelayanan cemerlang dan alamat yang benar-benar mewah di Royal Denai View Hotel.</p>\r\n<h3>Kebijakan Hotel</h3>\r\n<ul>\r\n<li>Tamu berumur diatas 10 tahun dianggap sebagai tamu dewasa.</li>\r\n<li>Ekstra bed tergantung pada kamar yang Anda pilih, silahkan cek kebijakan setiap kamar untuk detil lebih lanjut.</li>\r\n<li>Untuk para pasangan, mohon dicatat bahwa sangatlah wajib untuk menunjukkan surat nikah (buku nikah) pada saat check-in.</li>\r\n</ul>\r\n<table style="margin-left: auto; margin-right: auto;">\r\n<tbody>\r\n<tr>\r\n<td>Bayi 0-1 tahun</td>\r\n<td>Menginap gratis dengan menggunakan tempat tidur yang tersedia. Catatan, biaya tambahan kemungkinan dikenakan jika Anda membutuhkan ranjang bayi</td>\r\n</tr>\r\n<tr>\r\n<td>Anak-anak 3-10 tahun</td>\r\n<td>Menginap gratis jika menggunakan ranjang yang tersedia.</td>\r\n</tr>\r\n</tbody>\r\n</table>\r\n<h3>Fasilitas Hotel</h3>\r\n<table>\r\n<tbody>\r\n<tr>\r\n<td>Fasilitas</td>\r\n<td>coffee shop, fasilitas rapat, kotak penyimpanan aman, layanan kamar, layanan kamar 24 jam, layanan laundry, pusat bisnis, restoran, wi-fi di tempat-tempat umum, Wi-Fi gratis di semua kamar</td>\r\n</tr>\r\n<tr>\r\n<td>Olahraga dan Rekreasi</td>\r\n<td>taman</td>\r\n</tr>\r\n<tr>\r\n<td>Internet dalam Kamar</td>\r\n<td>Akses WiFi gratis</td>\r\n</tr>\r\n<tr>\r\n<td>Parkir</td>\r\n<td>tempat parkir mobil</td>\r\n</tr>\r\n</tbody>\r\n</table>'),
(9, 'BKT01', 'Royal Denai View Hotel (Delux) 1H', 2, 520000, '<p style="text-align: justify;">Menawarkan akomodasi berkualitas di kebudayaan, berbelanja, melihat-lihat distrik Bukittinggi, Royal Denai View Hotel adalah pilihan populer bagi para wisatawan plesir dan bisnis. Dari sini, para tamu dapat menikmati akses mudah ke semua hal yang dapat ditemukan di sebuah kota yang hidup. Dengan lokasinya yang strategis, hotel ini menawarkan akses mudah ke destinasi yang wajib dilihat di kota ini.</p>\r\n<p style="text-align: justify;">Dengan menawarkan pelayanan superior dan sejumlah fasilitas kepada para tamu hotel, Royal Denai View Hotel berkomitmen untuk menjaga kenyamanan penginapan Anda semaksimal mungkin. Kotak penyimpanan aman, tempat parkir mobil, wi-fi di tempat-tempat umum, layanan laundry, pusat bisnis hanyalah beberapa fasilitas yang membedakan Royal Denai View Hotel dari hotel-hotel lain di kota ini.</p>\r\n<p style="text-align: justify;">Suasana Royal Denai View Hotel tercerminkan dari setiap kamar tamu. televisi, mini bar, televisi LCD/layar plasma, AC, ruangan bebas rokok hanyalah beberapa fasilitas yang dapat Anda gunakan. Sepanjang hari Anda dapat menikmati atmosfir santai dari taman. Nikmati pelayanan cemerlang dan alamat yang benar-benar mewah di Royal Denai View Hotel.</p>\r\n<h3>Kebijakan Hotel</h3>\r\n<ul>\r\n<li>Tamu berumur diatas 10 tahun dianggap sebagai tamu dewasa.</li>\r\n<li>Ekstra bed tergantung pada kamar yang Anda pilih, silahkan cek kebijakan setiap kamar untuk detil lebih lanjut.</li>\r\n<li>Untuk para pasangan, mohon dicatat bahwa sangatlah wajib untuk menunjukkan surat nikah (buku nikah) pada saat check-in.</li>\r\n</ul>\r\n<table style="margin-left: auto; margin-right: auto;">\r\n<tbody>\r\n<tr>\r\n<td>Bayi 0-1 tahun</td>\r\n<td>Menginap gratis dengan menggunakan tempat tidur yang tersedia. Catatan, biaya tambahan kemungkinan dikenakan jika Anda membutuhkan ranjang bayi</td>\r\n</tr>\r\n<tr>\r\n<td>Anak-anak 3-10 tahun</td>\r\n<td>Menginap gratis jika menggunakan ranjang yang tersedia.</td>\r\n</tr>\r\n</tbody>\r\n</table>\r\n<h3>Fasilitas Hotel</h3>\r\n<table>\r\n<tbody>\r\n<tr>\r\n<td>Fasilitas</td>\r\n<td>coffee shop, fasilitas rapat, kotak penyimpanan aman, layanan kamar, layanan kamar 24 jam, layanan laundry, pusat bisnis, restoran, wi-fi di tempat-tempat umum, Wi-Fi gratis di semua kamar</td>\r\n</tr>\r\n<tr>\r\n<td>Olahraga dan Rekreasi</td>\r\n<td>taman</td>\r\n</tr>\r\n<tr>\r\n<td>Internet dalam Kamar</td>\r\n<td>Akses WiFi gratis</td>\r\n</tr>\r\n<tr>\r\n<td>Parkir</td>\r\n<td>tempat parkir mobil</td>\r\n</tr>\r\n</tbody>\r\n</table>'),
(10, 'BKT01', 'Pusako Hotel (Standar) 1H', 4, 498000, '<p style="text-align: justify;">Terletak secara nyaman di melihat-lihat, berbelanja, kebudayaan area kota Bukittinggi, Pusako Hotel menyediakan tempat yang kondusif untuk liburan Anda selama beberapa hari. Hanya 75 km dari sini, hotel bintang 4 ini dapat secara mudah diakses dari bandara. Dengan lokasinya yang strategis, hotel ini menawarkan akses mudah ke destinasi yang wajib dilihat di kota ini.</p>\r\n<p style="text-align: justify;">Gunakan kesempatan untuk menikmati pelayanan dan fasilitas yang tak tertandingkan di hotel Bukittinggi ini. Ketika menginap di properti yang luar biasa ini, para tamu dapat menikmati coffee shop, toko, restoran, layanan kamar, wi-fi di tempat-tempat umum.</p>\r\n<p style="text-align: justify;">Pusako Hotel memiliki 140 kamar tidur yang semuanya dirancang dengan citarasa tinggi untuk menyediakan kenyamanan seperti mini bar, kulkas, internet (wireless), pembuat kopi/teh, shower. Hotel ini menawarkan fasilitas rekreasi yang menyenangkan seperti gym/fasilitas kebugaran, kolam renang (luar ruangan), lapangan tenis untuk menjadikan penginapan Anda tak terlupakan. Dengan lokasi ideal dan fasilitas yang setara, Pusako Hotel dapat memenuhinya semua.</p>\r\n<h3>Kebijakan Hotel</h3>\r\n<ul>\r\n<li>Tamu berumur diatas 7 tahun dianggap sebagai tamu dewasa.</li>\r\n<li>Ekstra bed tergantung pada kamar yang Anda pilih, silahkan cek kebijakan setiap kamar untuk detil lebih lanjut.</li>\r\n</ul>\r\n<table style="margin-left: auto; margin-right: auto;">\r\n<tbody>\r\n<tr>\r\n<td>Bayi 0-1 tahun</td>\r\n<td>Menginap gratis dengan menggunakan tempat tidur yang tersedia. Catatan, biaya tambahan kemungkinan dikenakan jika Anda membutuhkan ranjang bayi</td>\r\n</tr>\r\n<tr>\r\n<td>Anak-anak 2-7 tahun</td>\r\n<td>Menginap gratis jika menggunakan ranjang yang tersedia.</td>\r\n</tr>\r\n</tbody>\r\n</table>\r\n<h3>Fasilitas Hotel</h3>\r\n<table>\r\n<tbody>\r\n<tr>\r\n<td>Fasilitas</td>\r\n<td>bar, coffee shop, fasilitas rapat, kotak penyimpanan aman, layanan kamar, layanan kamar 24 jam, layanan laundry, pusat bisnis, toko, restoran, wi-fi di tempat-tempat umum, Wi-Fi gratis di semua kamar</td>\r\n</tr>\r\n<tr>\r\n<td>Olahraga dan Rekreasi</td>\r\n<td>gym/fasilitas kebugaran, kolam renang (luar ruangan), lapangan tenis</td>\r\n</tr>\r\n<tr>\r\n<td>Internet dalam Kamar</td>\r\n<td>Akses WiFi gratis</td>\r\n</tr>\r\n<tr>\r\n<td>Parkir</td>\r\n<td>tempat parkir mobil</td>\r\n</tr>\r\n</tbody>\r\n</table>'),
(11, 'BKT01', 'Pusako Hotel (Delux) 1H', 4, 548000, '<p style="text-align: justify;">Terletak secara nyaman di melihat-lihat, berbelanja, kebudayaan area kota Bukittinggi, Pusako Hotel menyediakan tempat yang kondusif untuk liburan Anda selama beberapa hari. Hanya 75 km dari sini, hotel bintang 4 ini dapat secara mudah diakses dari bandara. Dengan lokasinya yang strategis, hotel ini menawarkan akses mudah ke destinasi yang wajib dilihat di kota ini.</p>\r\n<p style="text-align: justify;">Gunakan kesempatan untuk menikmati pelayanan dan fasilitas yang tak tertandingkan di hotel Bukittinggi ini. Ketika menginap di properti yang luar biasa ini, para tamu dapat menikmati coffee shop, toko, restoran, layanan kamar, wi-fi di tempat-tempat umum.</p>\r\n<p style="text-align: justify;">Pusako Hotel memiliki 140 kamar tidur yang semuanya dirancang dengan citarasa tinggi untuk menyediakan kenyamanan seperti mini bar, kulkas, internet (wireless), pembuat kopi/teh, shower. Hotel ini menawarkan fasilitas rekreasi yang menyenangkan seperti gym/fasilitas kebugaran, kolam renang (luar ruangan), lapangan tenis untuk menjadikan penginapan Anda tak terlupakan. Dengan lokasi ideal dan fasilitas yang setara, Pusako Hotel dapat memenuhinya semua.</p>\r\n<h3>Kebijakan Hotel</h3>\r\n<ul>\r\n<li>Tamu berumur diatas 7 tahun dianggap sebagai tamu dewasa.</li>\r\n<li>Ekstra bed tergantung pada kamar yang Anda pilih, silahkan cek kebijakan setiap kamar untuk detil lebih lanjut.</li>\r\n</ul>\r\n<table style="margin-left: auto; margin-right: auto;">\r\n<tbody>\r\n<tr>\r\n<td>Bayi 0-1 tahun</td>\r\n<td>Menginap gratis dengan menggunakan tempat tidur yang tersedia. Catatan, biaya tambahan kemungkinan dikenakan jika Anda membutuhkan ranjang bayi</td>\r\n</tr>\r\n<tr>\r\n<td>Anak-anak 2-7 tahun</td>\r\n<td>Menginap gratis jika menggunakan ranjang yang tersedia.</td>\r\n</tr>\r\n</tbody>\r\n</table>\r\n<h3>Fasilitas Hotel</h3>\r\n<table>\r\n<tbody>\r\n<tr>\r\n<td>Fasilitas</td>\r\n<td>bar, coffee shop, fasilitas rapat, kotak penyimpanan aman, layanan kamar, layanan kamar 24 jam, layanan laundry, pusat bisnis, toko, restoran, wi-fi di tempat-tempat umum, Wi-Fi gratis di semua kamar</td>\r\n</tr>\r\n<tr>\r\n<td>Olahraga dan Rekreasi</td>\r\n<td>gym/fasilitas kebugaran, kolam renang (luar ruangan), lapangan tenis</td>\r\n</tr>\r\n<tr>\r\n<td>Internet dalam Kamar</td>\r\n<td>Akses WiFi gratis</td>\r\n</tr>\r\n<tr>\r\n<td>Parkir</td>\r\n<td>tempat parkir mobil</td>\r\n</tr>\r\n</tbody>\r\n</table>'),
(12, 'BTS01', 'Hotel Pagaruyung Dua (Standar Domestik) 1H', 1, 395000, '<p style="text-align: justify;">Dirancang untuk wisata plesir dan bisnis, Hotel Pagaruyung Dua terletak strategis di Batusangkar; salah satu daerah lokal terkenal. Dari sini, para tamu dapat menikmati akses mudah ke semua hal yang dapat ditemukan di sebuah kota yang hidup. Dengan lokasinya yang strategis, hotel ini menawarkan akses mudah ke destinasi yang wajib dilihat di kota ini.</p>\r\n<p style="text-align: justify;">Hotel Pagaruyung Dua juga menawari banyak fasilitas untuk memperkaya penginapan Anda di Batusangkar. Hotel ini menawarkan sejumlah fasilitas di tempat untuk memuaskan segala jenis tamu.</p>\r\n<p style="text-align: justify;">Masuki salah satu dari 40 kamar yang mengundang ini dan lepaskan tekanan dan kelelahan sepanjang hari dengan sejumlah fasilitas yang tersedia seperti AC, ruang duduk. Fasilitas rekreasi hotel ini seperti gym/fasilitas kebugaran, taman dirancang untuk berelaksasi. Hotel Pagaruyung Dua adalah destinasi paling tepat Anda untuk akomodasi hotel berkualitas di Batusangkar.</p>\r\n<h3>Kebijakan Hotel</h3>\r\n<ul>\r\n<li>Ekstra bed tergantung pada kamar yang Anda pilih, silahkan cek kebijakan setiap kamar untuk detil lebih lanjut.</li>\r\n</ul>\r\n<table style="margin-left: auto; margin-right: auto;">\r\n<tbody>\r\n<tr>\r\n<td>Anak-anak 0-12 tahun</td>\r\n<td>Menginap gratis jika menggunakan ranjang yang tersedia.</td>\r\n</tr>\r\n</tbody>\r\n</table>\r\n<h3>Fasilitas Hotel</h3>\r\n<table>\r\n<tbody>\r\n<tr>\r\n<td>Fasilitas</td>\r\n<td>fasilitas rapat, layanan laundry, restoran, wi-fi di tempat-tempat umum</td>\r\n</tr>\r\n<tr>\r\n<td>Olahraga dan Rekreasi</td>\r\n<td>gym/fasilitas kebugaran, taman</td>\r\n</tr>\r\n<tr>\r\n<td>Parkir</td>\r\n<td>tempat parkir mobil</td>\r\n</tr>\r\n</tbody>\r\n</table>'),
(13, 'BTS01', 'Hotel Pagaruyung Dua (Standar) 1H', 1, 415000, '<p style="text-align: justify;">Dirancang untuk wisata plesir dan bisnis, Hotel Pagaruyung Dua terletak strategis di Batusangkar; salah satu daerah lokal terkenal. Dari sini, para tamu dapat menikmati akses mudah ke semua hal yang dapat ditemukan di sebuah kota yang hidup. Dengan lokasinya yang strategis, hotel ini menawarkan akses mudah ke destinasi yang wajib dilihat di kota ini.</p>\r\n<p style="text-align: justify;">Hotel Pagaruyung Dua juga menawari banyak fasilitas untuk memperkaya penginapan Anda di Batusangkar. Hotel ini menawarkan sejumlah fasilitas di tempat untuk memuaskan segala jenis tamu.</p>\r\n<p style="text-align: justify;">Masuki salah satu dari 40 kamar yang mengundang ini dan lepaskan tekanan dan kelelahan sepanjang hari dengan sejumlah fasilitas yang tersedia seperti AC, ruang duduk. Fasilitas rekreasi hotel ini seperti gym/fasilitas kebugaran, taman dirancang untuk berelaksasi. Hotel Pagaruyung Dua adalah destinasi paling tepat Anda untuk akomodasi hotel berkualitas di Batusangkar.</p>\r\n<h3>Kebijakan Hotel</h3>\r\n<ul>\r\n<li>Ekstra bed tergantung pada kamar yang Anda pilih, silahkan cek kebijakan setiap kamar untuk detil lebih lanjut.</li>\r\n</ul>\r\n<table style="margin-left: auto; margin-right: auto;">\r\n<tbody>\r\n<tr>\r\n<td>Anak-anak 0-12 tahun</td>\r\n<td>Menginap gratis jika menggunakan ranjang yang tersedia.</td>\r\n</tr>\r\n</tbody>\r\n</table>\r\n<h3>Fasilitas Hotel</h3>\r\n<table>\r\n<tbody>\r\n<tr>\r\n<td>Fasilitas</td>\r\n<td>fasilitas rapat, layanan laundry, restoran, wi-fi di tempat-tempat umum</td>\r\n</tr>\r\n<tr>\r\n<td>Olahraga dan Rekreasi</td>\r\n<td>gym/fasilitas kebugaran, taman</td>\r\n</tr>\r\n<tr>\r\n<td>Parkir</td>\r\n<td>tempat parkir mobil</td>\r\n</tr>\r\n</tbody>\r\n</table>'),
(14, 'PDG01', 'Mercure Padang Hotel (Superior) 1H', 4, 620000, '<p style="text-align: justify;">Terletak strategis di Padang, Mercure Padang Hotel adalah tempat yang cocok untuk menelusuri kota yang hidup ini. Dari sini, para tamu dapat menikmati akses mudah ke semua hal yang dapat ditemukan di sebuah kota yang hidup. Yang tidak ketinggalan adalah akses mudah dari hotel ini ke sejumlah atraksi dan markah tanah kota ini seperti Stadion Haji Agus Salim, Museum Adityawarman, Jalan Kuliner Simpang Kinol.</p>\r\n<p style="text-align: justify;">Accor Hotels terkenal untuk pelayanan berkualitas dan staf yang ramah, dan Mercure Padang Hotel memenuhi ekspektasi tersebut. Hotel ini menawarkan sejumlah fasilitas di tempat untuk memuaskan segala jenis tamu.</p>\r\n<p style="text-align: justify;">Sebagai tambahan, semua kamar tamu memiliki sejumlah kenyamanan seperti AC, TV satelit/kabel, ruang duduk, meja tulis, ruangan bebas rokok untuk menyenangi semakin banyak tamu. Hotel ini menawarkan fasilitas rekreasi fantastis termasuk gym/fasilitas kebugaran, pijat, lapangan tenis, taman, lapangan golf (dalam 3 km) , untuk membantu Anda berelaksasi setelah sepanjang hari beraktivitas di kota. Mercure Padang Hotel adalah tempat penginapan ideal bagi para pelancong yang mencari daya tarik, kenyamanan dan kepraktisan di Padang.</p>\r\n<h3>Kebijakan Hotel</h3>\r\n<ul>\r\n<li>Tamu berumur diatas 15 tahun dianggap sebagai tamu dewasa.</li>\r\n<li>Ekstra bed tergantung pada kamar yang Anda pilih, silahkan cek kebijakan setiap kamar untuk detil lebih lanjut.</li>\r\n</ul>\r\n<table style="margin-left: auto; margin-right: auto;">\r\n<tbody>\r\n<tr>\r\n<td>Bayi 0-1 tahun</td>\r\n<td>Menginap gratis dengan menggunakan tempat tidur yang tersedia. Catatan, biaya tambahan kemungkinan dikenakan jika Anda membutuhkan ranjang bayi.</td>\r\n</tr>\r\n<tr>\r\n<td>Anak-anak 2-15 tahun</td>\r\n<td>Menginap gratis jika menggunakan ranjang yang tersedia.</td>\r\n</tr>\r\n</tbody>\r\n</table>\r\n<h3>Fasilitas Hotel</h3>\r\n<table>\r\n<tbody>\r\n<tr>\r\n<td>Fasilitas</td>\r\n<td>bar, bar tepi-kolam, concierge,fasilitas bagi tamu dengan kebutuhan khusus, fasilitas rapat, layanan antar jemput, layanan kamar, layanan kamar 24 jam, layanan laundry, lift, penitipan bayi, restoran, ruang merokok, toko, transfer bandara/hotel, wi-fi di tempat-tempat umum</td>\r\n</tr>\r\n<tr>\r\n<td>Olahraga dan Rekreasi</td>\r\n<td>gym/fasilitas kebugaran, klub anak, kolam renang (luar ruangan), lapangan golf (dalam 3 km), lapangan tenis, pijat, sauna, spa, taman</td>\r\n</tr>\r\n<tr>\r\n<td>Internet dalam Kamar</td>\r\n<td>Akses WiFi gratis</td>\r\n</tr>\r\n<tr>\r\n<td>Parkir</td>\r\n<td>tempat parkir mobil</td>\r\n</tr>\r\n</tbody>\r\n</table>'),
(15, 'PDG01', 'Daima Hotel Padang (Superior Domestik) 1H', 3, 395000, '<p style="text-align: justify;">Dirancang untuk wisata plesir dan bisnis, Daima Hotel Padang terletak strategis di Padang Barat; salah satu daerah lokal terkenal. Hanya 20.00 Km dari sini, hotel bintang 3 ini dapat secara mudah diakses dari bandara. Lingkungan yang dijaga serta kedekatan ke Museum Adityawarman, Stadion Haji Agus Salim, Jalan Kuliner Simpang Kinol sangat memberikan nilai tambah untuk hotel ini.</p>\r\n<p style="text-align: justify;">Fasilitas dan pelayanan yang ditawarkan Daima Hotel Padang menjaminkan penginapan menyenangkan bagi para tamu. Sejumlah pilihan fasilitas kelas atas seperti pusat bisnis, ruang merokok , concierge, layanan laundry, ruang keluarga dapat dinikmati di hotel ini.</p>\r\n<p style="text-align: justify;">Hotel ini memiliki 93 kamar tamu yang indah, masing-masing termasuk televisi LCD/layar plasma, internet (gratis), kulkas, koran harian, AC. Hotel ini menawarkan fasilitas rekreasi yang menyenangkan seperti pijat untuk menjadikan penginapan Anda tak terlupakan. Apapun rencana kunjungan Anda, Daima Hotel Padang adalah pilihan bagus untuk penginapan di Padang.</p>\r\n<h3>Kebijakan Hotel</h3>\r\n<ul>\r\n<li>Ekstra bed tergantung pada kamar yang Anda pilih, silahkan cek kebijakan setiap kamar untuk detil lebih lanjut.</li>\r\n</ul>\r\n<table style="margin-left: auto; margin-right: auto;">\r\n<tbody>\r\n<tr>\r\n<td>Anak-anak 0-6 tahun</td>\r\n<td>Menginap gratis jika menggunakan ranjang yang tersedia.</td>\r\n</tr>\r\n</tbody>\r\n</table>\r\n<h3>Fasilitas Hotel</h3>\r\n<table>\r\n<tbody>\r\n<tr>\r\n<td>Fasilitas</td>\r\n<td>coffee shop, concierge, fasilitas rapat, kotak penyimpanan aman, lantai eksekutif, layanan kamar, layanan kamar 24 jam, layanan laundry, lift, pusat bisnis, restoran, ruang keluarga, ruang merokok, transfer bandara/hotel, wi-fi di tempat-tempat umum</td>\r\n</tr>\r\n<tr>\r\n<td>Olahraga dan Rekreasi</td>\r\n<td>pijat</td>\r\n</tr>\r\n<tr>\r\n<td>Internet dalam Kamar</td>\r\n<td>Akses WiFi gratis</td>\r\n</tr>\r\n<tr>\r\n<td>Parkir</td>\r\n<td>tempat parkir mobil</td>\r\n</tr>\r\n</tbody>\r\n</table>'),
(16, 'PDG01', 'Daima Hotel Padang (Superior) 1H', 3, 415000, '<p style="text-align: justify;">Dirancang untuk wisata plesir dan bisnis, Daima Hotel Padang terletak strategis di Padang Barat; salah satu daerah lokal terkenal. Hanya 20.00 Km dari sini, hotel bintang 3 ini dapat secara mudah diakses dari bandara. Lingkungan yang dijaga serta kedekatan ke Museum Adityawarman, Stadion Haji Agus Salim, Jalan Kuliner Simpang Kinol sangat memberikan nilai tambah untuk hotel ini.</p>\r\n<p style="text-align: justify;">Fasilitas dan pelayanan yang ditawarkan Daima Hotel Padang menjaminkan penginapan menyenangkan bagi para tamu. Sejumlah pilihan fasilitas kelas atas seperti pusat bisnis, ruang merokok , concierge, layanan laundry, ruang keluarga dapat dinikmati di hotel ini.</p>\r\n<p style="text-align: justify;">Hotel ini memiliki 93 kamar tamu yang indah, masing-masing termasuk televisi LCD/layar plasma, internet (gratis), kulkas, koran harian, AC. Hotel ini menawarkan fasilitas rekreasi yang menyenangkan seperti pijat untuk menjadikan penginapan Anda tak terlupakan. Apapun rencana kunjungan Anda, Daima Hotel Padang adalah pilihan bagus untuk penginapan di Padang.</p>\r\n<h3>Kebijakan Hotel</h3>\r\n<ul>\r\n<li>Ekstra bed tergantung pada kamar yang Anda pilih, silahkan cek kebijakan setiap kamar untuk detil lebih lanjut.</li>\r\n</ul>\r\n<table style="margin-left: auto; margin-right: auto;">\r\n<tbody>\r\n<tr>\r\n<td>Anak-anak 0-6 tahun</td>\r\n<td>Menginap gratis jika menggunakan ranjang yang tersedia.</td>\r\n</tr>\r\n</tbody>\r\n</table>\r\n<h3>Fasilitas Hotel</h3>\r\n<table>\r\n<tbody>\r\n<tr>\r\n<td>Fasilitas</td>\r\n<td>coffee shop, concierge, fasilitas rapat, kotak penyimpanan aman, lantai eksekutif, layanan kamar, layanan kamar 24 jam, layanan laundry, lift, pusat bisnis, restoran, ruang keluarga, ruang merokok, transfer bandara/hotel, wi-fi di tempat-tempat umum</td>\r\n</tr>\r\n<tr>\r\n<td>Olahraga dan Rekreasi</td>\r\n<td>pijat</td>\r\n</tr>\r\n<tr>\r\n<td>Internet dalam Kamar</td>\r\n<td>Akses WiFi gratis</td>\r\n</tr>\r\n<tr>\r\n<td>Parkir</td>\r\n<td>tempat parkir mobil</td>\r\n</tr>\r\n</tbody>\r\n</table>'),
(17, 'PDG01', 'Daima Hotel Padang (Delux Domestik) 1H', 3, 432000, '<p style="text-align: justify;">Dirancang untuk wisata plesir dan bisnis, Daima Hotel Padang terletak strategis di Padang Barat; salah satu daerah lokal terkenal. Hanya 20.00 Km dari sini, hotel bintang 3 ini dapat secara mudah diakses dari bandara. Lingkungan yang dijaga serta kedekatan ke Museum Adityawarman, Stadion Haji Agus Salim, Jalan Kuliner Simpang Kinol sangat memberikan nilai tambah untuk hotel ini.</p>\r\n<p style="text-align: justify;">Fasilitas dan pelayanan yang ditawarkan Daima Hotel Padang menjaminkan penginapan menyenangkan bagi para tamu. Sejumlah pilihan fasilitas kelas atas seperti pusat bisnis, ruang merokok , concierge, layanan laundry, ruang keluarga dapat dinikmati di hotel ini.</p>\r\n<p style="text-align: justify;">Hotel ini memiliki 93 kamar tamu yang indah, masing-masing termasuk televisi LCD/layar plasma, internet (gratis), kulkas, koran harian, AC. Hotel ini menawarkan fasilitas rekreasi yang menyenangkan seperti pijat untuk menjadikan penginapan Anda tak terlupakan. Apapun rencana kunjungan Anda, Daima Hotel Padang adalah pilihan bagus untuk penginapan di Padang.</p>\r\n<h3>Kebijakan Hotel</h3>\r\n<ul>\r\n<li>Ekstra bed tergantung pada kamar yang Anda pilih, silahkan cek kebijakan setiap kamar untuk detil lebih lanjut.</li>\r\n</ul>\r\n<table style="margin-left: auto; margin-right: auto;">\r\n<tbody>\r\n<tr>\r\n<td>Anak-anak 0-6 tahun</td>\r\n<td>Menginap gratis jika menggunakan ranjang yang tersedia.</td>\r\n</tr>\r\n</tbody>\r\n</table>\r\n<h3>Fasilitas Hotel</h3>\r\n<table>\r\n<tbody>\r\n<tr>\r\n<td>Fasilitas</td>\r\n<td>coffee shop, concierge, fasilitas rapat, kotak penyimpanan aman, lantai eksekutif, layanan kamar, layanan kamar 24 jam, layanan laundry, lift, pusat bisnis, restoran, ruang keluarga, ruang merokok, transfer bandara/hotel, wi-fi di tempat-tempat umum</td>\r\n</tr>\r\n<tr>\r\n<td>Olahraga dan Rekreasi</td>\r\n<td>pijat</td>\r\n</tr>\r\n<tr>\r\n<td>Internet dalam Kamar</td>\r\n<td>Akses WiFi gratis</td>\r\n</tr>\r\n<tr>\r\n<td>Parkir</td>\r\n<td>tempat parkir mobil</td>\r\n</tr>\r\n</tbody>\r\n</table>'),
(18, 'PDG01', 'Daima Hotel Padang (Delux) 1H', 3, 455000, '<p style="text-align: justify;">Dirancang untuk wisata plesir dan bisnis, Daima Hotel Padang terletak strategis di Padang Barat; salah satu daerah lokal terkenal. Hanya 20.00 Km dari sini, hotel bintang 3 ini dapat secara mudah diakses dari bandara. Lingkungan yang dijaga serta kedekatan ke Museum Adityawarman, Stadion Haji Agus Salim, Jalan Kuliner Simpang Kinol sangat memberikan nilai tambah untuk hotel ini.</p>\r\n<p style="text-align: justify;">Fasilitas dan pelayanan yang ditawarkan Daima Hotel Padang menjaminkan penginapan menyenangkan bagi para tamu. Sejumlah pilihan fasilitas kelas atas seperti pusat bisnis, ruang merokok , concierge, layanan laundry, ruang keluarga dapat dinikmati di hotel ini.</p>\r\n<p style="text-align: justify;">Hotel ini memiliki 93 kamar tamu yang indah, masing-masing termasuk televisi LCD/layar plasma, internet (gratis), kulkas, koran harian, AC. Hotel ini menawarkan fasilitas rekreasi yang menyenangkan seperti pijat untuk menjadikan penginapan Anda tak terlupakan. Apapun rencana kunjungan Anda, Daima Hotel Padang adalah pilihan bagus untuk penginapan di Padang.</p>\r\n<h3>Kebijakan Hotel</h3>\r\n<ul>\r\n<li>Ekstra bed tergantung pada kamar yang Anda pilih, silahkan cek kebijakan setiap kamar untuk detil lebih lanjut.</li>\r\n</ul>\r\n<table style="margin-left: auto; margin-right: auto;">\r\n<tbody>\r\n<tr>\r\n<td>Anak-anak 0-6 tahun</td>\r\n<td>Menginap gratis jika menggunakan ranjang yang tersedia.</td>\r\n</tr>\r\n</tbody>\r\n</table>\r\n<h3>Fasilitas Hotel</h3>\r\n<table>\r\n<tbody>\r\n<tr>\r\n<td>Fasilitas</td>\r\n<td>coffee shop, concierge, fasilitas rapat, kotak penyimpanan aman, lantai eksekutif, layanan kamar, layanan kamar 24 jam, layanan laundry, lift, pusat bisnis, restoran, ruang keluarga, ruang merokok, transfer bandara/hotel, wi-fi di tempat-tempat umum</td>\r\n</tr>\r\n<tr>\r\n<td>Olahraga dan Rekreasi</td>\r\n<td>pijat</td>\r\n</tr>\r\n<tr>\r\n<td>Internet dalam Kamar</td>\r\n<td>Akses WiFi gratis</td>\r\n</tr>\r\n<tr>\r\n<td>Parkir</td>\r\n<td>tempat parkir mobil</td>\r\n</tr>\r\n</tbody>\r\n</table>'),
(19, 'PDG01', 'Grand Zuri Padang Hotel (Superior) 1H', 4, 476000, '<p style="text-align: justify;">Terletak strategis di Padang, Grand Zuri Padang Hotel adalah tempat yang cocok untuk menelusuri kota yang hidup ini. Dari sini, para tamu dapat menikmati akses mudah ke semua hal yang dapat ditemukan di sebuah kota yang hidup. Lingkungan yang dijaga serta kedekatan ke Jalan Kuliner Simpang Kinol, Museum Adityawarman, Jembatan Siti Nurbaya sangat memberikan nilai tambah untuk hotel ini.</p>\r\n<p style="text-align: justify;">Di Grand Zuri Padang Hotel, pelayanan cemerlang dan fasilitas yang bagus akan membuat penginapan Anda tak terlupakan. Untuk kenyamanan para tamu, hotel ini menawarkan transfer bandara/hotel, concierge, kotak penyimpanan aman, wi-fi di tempat-tempat umum, layanan kamar 24 jam.</p>\r\n<p style="text-align: justify;">Sebagai tambahan, semua kamar tamu memiliki sejumlah kenyamanan seperti kulkas, meja tulis, air botol gratis, televisi, AC untuk menyenangi semakin banyak tamu. Pijat, taman, sauna hotel ini adalah tempat-tempat ideal untuk bersantai setelah hari yang sibuk. Dengan lokasi ideal dan fasilitas yang setara, Grand Zuri Padang Hotel dapat memenuhinya semua.</p>\r\n<h3>Kebijakan Hotel</h3>\r\n<ul>\r\n<li>Tamu berumur diatas 3 tahun dianggap sebagai tamu dewasa.</li>\r\n<li>Ekstra bed tergantung pada kamar yang Anda pilih, silahkan cek kebijakan setiap kamar untuk detil lebih lanjut.</li>\r\n</ul>\r\n<table style="margin-left: auto; margin-right: auto;">\r\n<tbody>\r\n<tr>\r\n<td>Bayi 0-1 tahun</td>\r\n<td>Menginap gratis dengan menggunakan tempat tidur yang tersedia. Catatan, biaya tambahan kemungkinan dikenakan jika Anda membutuhkan ranjang bayi.</td>\r\n</tr>\r\n<tr>\r\n<td>Anak-anak 2-3 tahun</td>\r\n<td>Harus menggunakan ekstra bed.</td>\r\n</tr>\r\n</tbody>\r\n</table>\r\n<h3>Fasilitas Hotel</h3>\r\n<table>\r\n<tbody>\r\n<tr>\r\n<td>Fasilitas</td>\r\n<td>bar, coffee shop, concierge, fasilitas rapat, kotak penyimpanan aman, layanan kamar, layanan kamar 24 jam, layanan laundry, lift, restoran, ruang merokok, transfer bandara/hotel, wi-fi di tempat-tempat umum</td>\r\n</tr>\r\n<tr>\r\n<td>Olahraga dan Rekreasi</td>\r\n<td>pijat, sauna, taman</td>\r\n</tr>\r\n<tr>\r\n<td>Internet dalam Kamar</td>\r\n<td>Akses WiFi gratis</td>\r\n</tr>\r\n<tr>\r\n<td>Parkir</td>\r\n<td>tempat parkir mobil</td>\r\n</tr>\r\n</tbody>\r\n</table>'),
(20, 'PDG01', 'Grand Zuri Padang Hotel (Delux) 1H', 4, 587000, '<p style="text-align: justify;">Terletak strategis di Padang, Grand Zuri Padang Hotel adalah tempat yang cocok untuk menelusuri kota yang hidup ini. Dari sini, para tamu dapat menikmati akses mudah ke semua hal yang dapat ditemukan di sebuah kota yang hidup. Lingkungan yang dijaga serta kedekatan ke Jalan Kuliner Simpang Kinol, Museum Adityawarman, Jembatan Siti Nurbaya sangat memberikan nilai tambah untuk hotel ini.</p>\r\n<p style="text-align: justify;">Di Grand Zuri Padang Hotel, pelayanan cemerlang dan fasilitas yang bagus akan membuat penginapan Anda tak terlupakan. Untuk kenyamanan para tamu, hotel ini menawarkan transfer bandara/hotel, concierge, kotak penyimpanan aman, wi-fi di tempat-tempat umum, layanan kamar 24 jam.</p>\r\n<p style="text-align: justify;">Sebagai tambahan, semua kamar tamu memiliki sejumlah kenyamanan seperti kulkas, meja tulis, air botol gratis, televisi, AC untuk menyenangi semakin banyak tamu. Pijat, taman, sauna hotel ini adalah tempat-tempat ideal untuk bersantai setelah hari yang sibuk. Dengan lokasi ideal dan fasilitas yang setara, Grand Zuri Padang Hotel dapat memenuhinya semua.</p>\r\n<h3>Kebijakan Hotel</h3>\r\n<ul>\r\n<li>Tamu berumur diatas 3 tahun dianggap sebagai tamu dewasa.</li>\r\n<li>Ekstra bed tergantung pada kamar yang Anda pilih, silahkan cek kebijakan setiap kamar untuk detil lebih lanjut.</li>\r\n</ul>\r\n<table style="margin-left: auto; margin-right: auto;">\r\n<tbody>\r\n<tr>\r\n<td>Bayi 0-1 tahun</td>\r\n<td>Menginap gratis dengan menggunakan tempat tidur yang tersedia. Catatan, biaya tambahan kemungkinan dikenakan jika Anda membutuhkan ranjang bayi.</td>\r\n</tr>\r\n<tr>\r\n<td>Anak-anak 2-3 tahun</td>\r\n<td>Harus menggunakan ekstra bed.</td>\r\n</tr>\r\n</tbody>\r\n</table>\r\n<h3>Fasilitas Hotel</h3>\r\n<table>\r\n<tbody>\r\n<tr>\r\n<td>Fasilitas</td>\r\n<td>bar, coffee shop, concierge, fasilitas rapat, kotak penyimpanan aman, layanan kamar, layanan kamar 24 jam, layanan laundry, lift, restoran, ruang merokok, transfer bandara/hotel, wi-fi di tempat-tempat umum</td>\r\n</tr>\r\n<tr>\r\n<td>Olahraga dan Rekreasi</td>\r\n<td>pijat, sauna, taman</td>\r\n</tr>\r\n<tr>\r\n<td>Internet dalam Kamar</td>\r\n<td>Akses WiFi gratis</td>\r\n</tr>\r\n<tr>\r\n<td>Parkir</td>\r\n<td>tempat parkir mobil</td>\r\n</tr>\r\n</tbody>\r\n</table>'),
(21, 'PDG01', 'Savali Hotel (Superior) 1H', 3, 501000, '<p style="text-align: justify;">Dibangun pada 2010, Savali Hotel adalah pelengkap yang berbeda di Padang dan pilihan yang cerdas bagi wisatawan. Dari sini, para tamu dapat menikmati akses mudah ke semua hal yang dapat ditemukan di sebuah kota yang hidup. Dengan lokasinya yang strategis, hotel ini menawarkan akses mudah ke destinasi yang wajib dilihat di kota ini.</p>\r\n<p style="text-align: justify;">Dengan menawarkan pelayanan superior dan sejumlah fasilitas kepada para tamu hotel, Savali Hotel berkomitmen untuk menjaga kenyamanan penginapan Anda semaksimal mungkin. Fasilitas top hotel ini termasuk toko, sewa sepeda, layanan laundry, coffee shop, fasilitas rapat.</p>\r\n<p style="text-align: justify;">Semua akomodasi tamu dilengkapi dengan fasilitas yang telah dirancang dengan baik demi menjaga kenyamanan. Baik Anda adalah orang yang senang fitness atau hanya ingin bersantai setelah beraktivitas sepanjang hari, Anda akan dihibur dengan fasilitas rekreasi kelas atas seperti kolam renang (luar ruangan), taman, pijat. Savali Hotel adalah pilihan yang cerdas bagi para pelancong ke Padang, dengan menawarkan penginapan yang santai setiap saat.</p>\r\n<h3>Kebijakan Hotel</h3>\r\n<ul>\r\n<li>Tamu berumur diatas 3 tahun dianggap sebagai tamu dewasa.</li>\r\n<li>Ekstra bed tergantung pada kamar yang Anda pilih, silahkan cek kebijakan setiap kamar untuk detil lebih lanjut.</li>\r\n</ul>\r\n<table style="margin-left: auto; margin-right: auto;">\r\n<tbody>\r\n<tr>\r\n<td>Bayi 0-1 tahun</td>\r\n<td>Menginap gratis dengan menggunakan tempat tidur yang tersedia. Catatan, biaya tambahan kemungkinan dikenakan jika Anda membutuhkan ranjang bayi.</td>\r\n</tr>\r\n<tr>\r\n<td>Anak-anak 2-3 tahun</td>\r\n<td>Harus menggunakan ekstra bed.</td>\r\n</tr>\r\n</tbody>\r\n</table>\r\n<h3>Fasilitas Hotel</h3>\r\n<table>\r\n<tbody>\r\n<tr>\r\n<td>Fasilitas</td>\r\n<td>bar, coffee shop, concierge, fasilitas rapat, kotak penyimpanan aman, layanan kamar, layanan kamar 24 jam, layanan laundry, lift, restoran, ruang merokok, transfer bandara/hotel, wi-fi di tempat-tempat umum</td>\r\n</tr>\r\n<tr>\r\n<td>Olahraga dan Rekreasi</td>\r\n<td>pijat, sauna, taman</td>\r\n</tr>\r\n<tr>\r\n<td>Internet dalam Kamar</td>\r\n<td>Akses WiFi gratis</td>\r\n</tr>\r\n<tr>\r\n<td>Parkir</td>\r\n<td>tempat parkir mobil, parkir valet</td>\r\n</tr>\r\n</tbody>\r\n</table>'),
(22, 'BKT01', 'Tidak Menginap', 1, 0, '<p>Untuk paket One-Way</p>'),
(23, 'PDG01', 'Tidak Menginap', 1, 0, '<p>Untuk paket One-Way</p>'),
(24, 'PYK01', 'Tidak Menginap', 1, 0, '<p>Untuk paket One-Way</p>'),
(25, 'BTS01', 'Tidak Menginap', 1, 0, '<p>Untuk paket One-Way</p>');

-- --------------------------------------------------------

--
-- Struktur dari tabel `tbl_kategori`
--

CREATE TABLE IF NOT EXISTS `tbl_kategori` (
  `id_kategori` int(11) NOT NULL AUTO_INCREMENT,
  `kategori` varchar(30) NOT NULL,
  `keterangan` text NOT NULL,
  PRIMARY KEY (`id_kategori`),
  KEY `id_kat` (`id_kategori`)
) ENGINE=InnoDB  DEFAULT CHARSET=utf8 AUTO_INCREMENT=5 ;

--
-- Dumping data untuk tabel `tbl_kategori`
--

INSERT INTO `tbl_kategori` (`id_kategori`, `kategori`, `keterangan`) VALUES
(1, 'Paket Perorangan', 'Paket Travel ini dikususkan untuk wisatawan yang ingin berlibur sendiri saja. Namun nanti dalam Tour, Touris akan diserentakkan keberangkatannya dalam satu mobil. Dalam satu mobil tersebut maksimal hanya 4 Touris, disertakan dengan Driver dan Pemandu wisata. '),
(2, 'Paket Grup/Kelompok', 'kedua kalinya'),
(3, 'Paket Keluarga', 'ketiga kalinya'),
(4, 'Paket Couple', 'Paket untuk pasanngan');

-- --------------------------------------------------------

--
-- Struktur dari tabel `tbl_paket`
--

CREATE TABLE IF NOT EXISTS `tbl_paket` (
  `id_paket` int(11) NOT NULL AUTO_INCREMENT,
  `id_kategori` int(11) NOT NULL,
  `nama_paket` varchar(50) NOT NULL,
  `harga_paket` int(11) NOT NULL,
  `ket_paket` text NOT NULL,
  PRIMARY KEY (`id_paket`)
) ENGINE=InnoDB  DEFAULT CHARSET=utf8 AUTO_INCREMENT=7 ;

--
-- Dumping data untuk tabel `tbl_paket`
--

INSERT INTO `tbl_paket` (`id_paket`, `id_kategori`, `nama_paket`, `harga_paket`, `ket_paket`) VALUES
(1, 1, 'Bukittinggi-Bukittinggi One-Way', 150000, 'Paket ini untuk tour perorangan. Dalam tour akan diserentakkan dengan turis lain yang juga memilih paket yang sama. Banyak orang yang di serentakkan berkisar 3-5 orang.'),
(2, 1, 'Bukittinggi-Bukittinggi 2 Day', 250000, 'Paket ini untuk tour perorangan. Dalam tour akan diserentakkan dengan turis lain yang juga memilih paket yang sama. Banyak orang yang di serentakkan berkisar 3-5 orang.'),
(3, 1, 'Bukittinggi-Bukittinggi 3 Day', 400000, 'Paket ini untuk tour perorangan. Dalam tour akan diserentakkan dengan turis lain yang juga memilih paket yang sama. Banyak orang yang di serentakkan berkisar 3-5 orang.'),
(4, 4, 'Promo Harau 2 Day Couple', 350000, 'Paket Promo ini untuk tour di Lembah Harau selama 2 hari. Untuk penginapan kami rekomendasikan di Bukittinggi ataupun di Payakumbuh sendiri.'),
(5, 4, 'Bukittinggi-Bukittinggi One-Way Couple', 225000, 'Paket ini untuk tour pasangan. Paket ini hanya untuk satu kali perjalanan saja atau diperuntukkan bagi yang ingin wisata tetapi tidak menginap.'),
(6, 4, 'Bukittinggi-Bukittinggi 2 Day Couple', 325000, 'Paket ini untuk tour pasangan. Paket ini berlaku untuk wisatawan yang ingin menginap di daerah wisata selama 2 hari.');

-- --------------------------------------------------------

--
-- Struktur dari tabel `tbl_pesan`
--

CREATE TABLE IF NOT EXISTS `tbl_pesan` (
  `id_pesan` int(11) NOT NULL AUTO_INCREMENT,
  `id_user` int(11) NOT NULL,
  `id_paket` int(11) NOT NULL,
  `id_hotel` int(11) NOT NULL,
  `tgl_pesan` date NOT NULL,
  `tgl_tour` date NOT NULL,
  `status` char(2) NOT NULL DEFAULT 'S1',
  PRIMARY KEY (`id_pesan`)
) ENGINE=InnoDB  DEFAULT CHARSET=utf8 AUTO_INCREMENT=5 ;

--
-- Dumping data untuk tabel `tbl_pesan`
--

INSERT INTO `tbl_pesan` (`id_pesan`, `id_user`, `id_paket`, `id_hotel`, `tgl_pesan`, `tgl_tour`, `status`) VALUES
(1, 1, 1, 6, '2014-05-03', '2014-05-30', 'S3'),
(2, 6, 4, 7, '2014-05-04', '2014-05-24', 'S3'),
(3, 7, 1, 4, '2014-05-07', '2014-05-30', 'S2'),
(4, 1, 1, 22, '2014-05-14', '2014-06-11', 'S2');

-- --------------------------------------------------------

--
-- Struktur dari tabel `tbl_user`
--

CREATE TABLE IF NOT EXISTS `tbl_user` (
  `id_user` int(11) NOT NULL AUTO_INCREMENT,
  `nama_user` varchar(30) NOT NULL,
  `email_user` varchar(50) NOT NULL,
  `tipe_id` varchar(20) NOT NULL,
  `no_id` varchar(30) NOT NULL,
  `no_hp` varchar(14) NOT NULL,
  `no_rek` varchar(50) NOT NULL,
  `nama_rek` varchar(50) NOT NULL,
  `username` varchar(30) NOT NULL,
  `password` varchar(12) NOT NULL,
  `tgl_lahir` varchar(30) NOT NULL,
  `jekel` varchar(1) NOT NULL,
  `alamat` text NOT NULL,
  PRIMARY KEY (`id_user`),
  KEY `id_user` (`id_user`)
) ENGINE=InnoDB  DEFAULT CHARSET=utf8 AUTO_INCREMENT=8 ;

--
-- Dumping data untuk tabel `tbl_user`
--

INSERT INTO `tbl_user` (`id_user`, `nama_user`, `email_user`, `tipe_id`, `no_id`, `no_hp`, `no_rek`, `nama_rek`, `username`, `password`, `tgl_lahir`, `jekel`, `alamat`) VALUES
(1, 'Ismo Broto', 'ismo.lhavic@gmail.com', 'KTP', '1106911700236256001', '085669161697', '398717180938093810', 'Ismo Lhavic', 'ismo', 'ismo', '06 Nov 1991', 'L', '<p>Jalan Dr. Soetomo <br /> Kec. Padang Utara <br /> Kota Padang</p>'),
(2, 'Namanya Coba', 'coba@kajka.com', '', '', '085669423697', '398717180938093810', 'Coba Aja', 'coba', 'coba', '14 Jun 1995', 'P', '<p>Jalan Coba</p>\r\n<p>Gang coba, rt.02/08</p>\r\n<p>Jambi</p>'),
(3, 'Nita', 'nita@yahoo.com', '', '', '', '', '', 'nita', 'nita', '', 'P', ''),
(5, 'Happy Marlina', 'hepi@gmai.com', '', '', '085660926723', '3985678857898756', 'Happy Marlina', 'hepi', 'hepi', '20 Dec 1989', 'P', '<p>Jl. Diponegoro</p>\r\n<p>Bukittinggi</p>\r\n<p>Sumatera Barat</p>'),
(6, 'Gatot Broto Ismoyo', 'ismo.lhavic@gmail.com', 'KTP', '1509070611910002', '085669161697', 'Bukopin 7702032225', 'Gatot Broto Ismoyo', 'ismobroto', '123456', '06 Nov 1991', 'L', '<p>Jalan Dr. Soetomo, Gang Gadih Rantih</p>\r\n<p>RT.02/05, No.3 Simpang Aru</p>\r\n<p>Kota Padang, Sumatera Barat</p>'),
(7, 'Soe', 'soe@upi-yptk.org', 'KTP', '1509070611910002', '085376543125', 'Bukopin 7702032225', 'Soe', 'soe', '123456', '13 Jul 1995', 'L', '<p>Padang</p>');

/*!40101 SET CHARACTER_SET_CLIENT=@OLD_CHARACTER_SET_CLIENT */;
/*!40101 SET CHARACTER_SET_RESULTS=@OLD_CHARACTER_SET_RESULTS */;
/*!40101 SET COLLATION_CONNECTION=@OLD_COLLATION_CONNECTION */;
